,Book Author,Book Owner,Publication Year
0,James Donald Adams,Ernest Hemingway,1953
1,Richard P. Adams,Ernest Hemingway,1951
2,Polly Adler,Ernest Hemingway,1953
3,Margery Allingham,Ernest Hemingway,1952
4,Margery Allingham,Ernest Hemingway,1952
5,Luis Alayza Paz Soldán,Ernest Hemingway,1953
6,Luis Alayza Paz Soldán,Ernest Hemingway,1951
7,Rubert Royce Allyn,Ernest Hemingway,1952
8,Eric Ambler,Ernest Hemingway,1951
9,Alcoholics Anonymous,Ernest Hemingway,1952
10,Eric Ambler,Ernest Hemingway,1953
11,Sidney Alexander,Ernest Hemingway,1951
12,Wilfrid Backhouse Alexander,Ernest Hemingway,1954
13,Nelson Algren,Ernest Hemingway,1951
14,Ted Allan,Ernest Hemingway,1952
15,Frederick Lewis Allen,Ernest Hemingway,1952
16,Henry Allen,Ernest Hemingway,1954
17,Hervey Allen,Ernest Hemingway,1953
18,Jerry Allen,Ernest Hemingway,1954
19,Robert S. Allen,Ernest Hemingway,1950
20,Robert Sharon Allen (ed.),Ernest Hemingway,1950
21,Cleveland Amory,Ernest Hemingway,1952
22,Hans Christian Andersen,Ernest Hemingway,1954
23,James K. Binder,Ernest Hemingway,1951
24,Carlos Heard Baker,Ernest Hemingway,1954
25,Carlos Heard Baker,Ernest Hemingway,1952
26,Baron Christopher Bromhead Birdwood,Ernest Hemingway,1953
27,James Ballard,Ernest Hemingway,1950
28,Consuelo Vanderbilt Balsan,Ernest Hemingway,1953
29,Honoré de Balzac,Ernest Hemingway,1950
30,Carel Birkby,Ernest Hemingway,1954
31,Jim Bishop,Ernest Hemingway,1952
32,Richard Pike Bissell,Ernest Hemingway,1950
33,Gian Andrea Bandini,Ernest Hemingway,1954
34,Lesley Blanch,Ernest Hemingway,1954
35,Tallulah Bankhead,Ernest Hemingway,1952
36,Arturo Barea,Ernest Hemingway,1951
37,Karen Blixen [Isak Dinesen],Ernest Hemingway,1952
38,Keppel Harcourt Barnard,Ernest Hemingway,1951
39,Eric Wollencott Barnes,Ernest Hemingway,1954
40,Paul Darcy Boles,Ernest Hemingway,1954
41,Pio Baroja y Nessi,Ernest Hemingway,1953
42,Stanley Wade Baron,Ernest Hemingway,1952
43,James Barr,Ernest Hemingway,1950
44,William Edmund Barrett,Ernest Hemingway,1953
45,Luis Bollain,Ernest Hemingway,1953
46,Alain Bombard,Ernest Hemingway,1953
47,William Russell Bascom,Ernest Hemingway,1953
48,Hamilton Basso,Ernest Hemingway,1954
49,Paul Hyde Bonner,Ernest Hemingway,1954
50,Paul Hyde Bonner,Ernest Hemingway,1953
51,Paul Hyde Bonner,Ernest Hemingway,1952
52,Charles Gordon Booth,Ernest Hemingway,1951
53,Valerio Borghese Jr.,Ernest Hemingway,1954
54,Francesco Borsetta,Ernest Hemingway,1954
55,Marston Bates,Ernest Hemingway,1954
56,James Boswell,Ernest Hemingway,1950
57,Walter Baxter,Ernest Hemingway,1952
58,Edward Latimer Beach,Ernest Hemingway,1953
59,Edward Latimer Beach,Ernest Hemingway,1952
60,Carl Huntington Bottume,Ernest Hemingway,1951
61,Pierre Boulle,Ernest Hemingway,1954
62,Vance Bourjaily (ed.),Ernest Hemingway,1953
63,Vance Bourjaily (ed.),Ernest Hemingway,1954
64,Willard Leon Beaulac,Ernest Hemingway,1951
65,Elizabeth Bowen,Ernest Hemingway,1951
66,Claude Gernade Bowers,Ernest Hemingway,1954
67,Stephen D. Becker,Ernest Hemingway,1951
68,Paul Frederic Bowles,Ernest Hemingway,1952
69,[N.auth],Ernest Hemingway,1952
70,Samuel Nathaniel Behrman,Ernest Hemingway,1952
71,Ray Bradbury,Ernest Hemingway,1954
72,Ray Bradbury,Ernest Hemingway,1950
73,Fred Bradna,Ernest Hemingway,1952
74,Nicolás Bravo,Ernest Hemingway,1954
75,Winston Brebner,Ernest Hemingway,1951
76,Maria Bellonci,Ernest Hemingway,1953
77,Felice Bellotti,Ernest Hemingway,1954
78,Juan Belmonte y García,Ernest Hemingway,1953
79,Ludwig Bemelmans,Ernest Hemingway,1952
80,Ray Brock,Ernest Hemingway,1954
81,Ray Brock,Ernest Hemingway,1954
82,Ray Brock,Ernest Hemingway,1954
83,A. W. Brøgger,Ernest Hemingway,1951
84,Ruth Benedict,Ernest Hemingway,1952
85,Frans Gunnar Bengtsson,Ernest Hemingway,1954
86,Van Wyck Brooks,Ernest Hemingway,1952
87,Van Wyck Brooks,Ernest Hemingway,1954
88,Van Wyck Brooks,Ernest Hemingway,1953
89,Win Brooks,Ernest Hemingway,1952
90,Chandler Brossard,Ernest Hemingway,1952
91,Dee Alexander Brown,Ernest Hemingway,1952
92,John Lackey Brown,Ernest Hemingway,1954
93,Zenith [Leslie Ford] Brown,Ernest Hemingway,1953
94,Felice Benuzzi,Ernest Hemingway,1952
95,Bernard Berenson,Ernest Hemingway,1952
96,Bernard Berenson,Ernest Hemingway,1954
97,Bengt Magnus Kristoffer Berg,Ernest Hemingway,1952
98,Carlo Bernari,Ernest Hemingway,1951
99,Hubert J. Bernhard,Ernest Hemingway,1954
100,Hubert J. Bernhard,Ernest Hemingway,1952
101,Michael Agerskov (ed.),Ernest Hemingway,1950
102,Douglas Gordon Browne,Ernest Hemingway,1952
103,[N.auth],Ernest Hemingway,1954
104,[N.auth],Ernest Hemingway,1950
105,Raymond Léopold Bruckberger,Ernest Hemingway,1953
106,Raymond Léopold Bruckberger,Ernest Hemingway,1952
107,Martin Buber,Ernest Hemingway,1953
108,Pier Luigi Bucciantini,Ernest Hemingway,1953
109,William F. Buckley,Ernest Hemingway,1954
110,comte Henri-Gratien Bertrand,Ernest Hemingway,1952
111,Alvah Cecil Bessie,Ernest Hemingway,1952
112,[N.auth],Ernest Hemingway,1951
113,Enzo Bettiza,Ernest Hemingway,1953
114,Thomas Victor Bulpin,Ernest Hemingway,1954
115,André Beucler,Ernest Hemingway,1954
116,Stendhal,Ernest Hemingway,1954
117,Albert Isaac Bezzerides,Ernest Hemingway,1950
118,Adriana Ivancich Biaggini,Ernest Hemingway,1953
119,Jacob Christoph Burckhardt,Ernest Hemingway,1954
120,Witter Bynner,Ernest Hemingway,1951
121,Lord George Gordon Byron,Ernest Hemingway,1950
122,Lord George Gordon Byron,Ernest Hemingway,1954
123,Taylor Caldwell,Ernest Hemingway,1951
124,Charles J. Calitri,Ernest Hemingway,1952
125,Ned Calmer,Ernest Hemingway,1950
126,Michael Calvert,Ernest Hemingway,1952
127,William Edward March Campbell,Ernest Hemingway,1953
128,James J. Cannon,Ernest Hemingway,1951
129,Sir Gerald Burrard,Ernest Hemingway,1951
130,Katharine Burt,Ernest Hemingway,1952
131,Francis Xavier Busch,Ernest Hemingway,1952
132,Francis Xavier Busch,Ernest Hemingway,1952
133,Richard Ellmann,Ernest Hemingway,1954
134,Hal Ellson,Ernest Hemingway,1952
135,Stuart David Engstrand,Ernest Hemingway,1952
136,España. Ministerio de Agricultura,Ernest Hemingway,1950
137,Esquire,Ernest Hemingway,1953
138,Charles Estienne,Ernest Hemingway,1953
139,Hal G. Evarts,Ernest Hemingway,1950
140,Truman Capote,Ernest Hemingway,1950
141,Reyes Carbonell,Ernest Hemingway,1951
142,Georges Carpentier,Ernest Hemingway,1954
143,Robert Carse,Ernest Hemingway,1953
144,Bart Carson,Ernest Hemingway,1953
145,Rachel Louise Carson,Ernest Hemingway,1951
146,Rachel Louise Carson,Ernest Hemingway,1952
147,Robert Carson,Ernest Hemingway,1952
148,Thomas Donald Carter,Ernest Hemingway,1951
149,Joyce Cary,Ernest Hemingway,1950
150,Joyce Cary,Ernest Hemingway,1952
151,Joyce Cary,Ernest Hemingway,1952
152,Joyce Cary,Ernest Hemingway,1952
153,Josué de Castro,Ernest Hemingway,1952
154,Emilio Cecchi,Ernest Hemingway,1954
155,David Cecil,Ernest Hemingway,1954
156,Camilo José Cela,Ernest Hemingway,1954
157,Camilo José Cela,Ernest Hemingway,1953
158,Alba de Cèspedes,Ernest Hemingway,1952
159,Thomas Wightman Chalmers,Ernest Hemingway,1952
160,Samuel Chamberlain,Ernest Hemingway,1952
161,Whittaker Chambers,Ernest Hemingway,1952
162,Charles Adolphe Pineton Marquis de Chambrun,Ernest Hemingway,1952
163,Shou Ch_ên,Ernest Hemingway,1952
164,John Canfield Ewers,Ernest Hemingway,1952
165,Raymond Chandler,Ernest Hemingway,1953
166,Raymond Chandler,Ernest Hemingway,1953
167,Raymond Chandler,Ernest Hemingway,1950
168,Warren Eyster,Ernest Hemingway,1953
169,Edward Arnold Chapman,Ernest Hemingway,1954
170,Francisco Fabricio Diaz,Ernest Hemingway,1952
171,William Fain,Ernest Hemingway,1954
172,Hans Fallada,Ernest Hemingway,1950
173,Louis Falstein,Ernest Hemingway,1950
174,Ladislas Farago,Ernest Hemingway,1954
175,Fannie Merritt Farmer,Ernest Hemingway,1951
176,Sara Houston Chisholm Farrington,Ernest Hemingway,1951
177,Selwyn Kip Farrington,Ernest Hemingway,1953
178,Alfred Hayes,Ernest Hemingway,1954
179,Ben Hecht,Ernest Hemingway,1954
180,Van Campen Heilner,Ernest Hemingway,1953
181,Ernest Hemingway,Ernest Hemingway,1952
182,Leicester Hemingway,Ernest Hemingway,1953
183,J.Y. Henderson,Ernest Hemingway,1952
184,Florette Henri,Ernest Hemingway,1952
185,William Faulkner,Ernest Hemingway,1954
186,Frederick [Max Brand] Faust,Ernest Hemingway,1952
187,Frederick [Max Brand] Faust,Ernest Hemingway,1952
188,Frederick [Max Brand] Faust,Ernest Hemingway,1952
189,Maurice Herzog,Ernest Hemingway,1952
190,Theodor Heuss,Ernest Hemingway,1950
191,Thor Heyerdahl,Ernest Hemingway,1950
192,Howard Hill,Ernest Hemingway,1954
193,James Hilton,Ernest Hemingway,1951
194,Chester B. Himes,Ernest Hemingway,1952
195,Ernest Haycox,Ernest Hemingway,1952
196,Percy Harrison Fawcett,Ernest Hemingway,1953
197,Percy Harrison Fawcett,Ernest Hemingway,1953
198,Percy Harrison Fawcett,Ernest Hemingway,1953
199,Federal Writers' Project,Ernest Hemingway,1950
200,Carroll Lane Fenton,Ernest Hemingway,1951
201,Charles A. Fenton,Ernest Hemingway,1954
202,Sir Bernard Fergusson,Ernest Hemingway,1952
203,Jesús Fernández Santos,Ernest Hemingway,1954
204,Ramón Ferreira,Ernest Hemingway,1952
205,Agustina Surama de las Mercedes Ferrer Deulofeu,Ernest Hemingway,1952
206,Nicholas Fersen,Ernest Hemingway,1954
207,Peter Field,Ernest Hemingway,1952
208,Peter Field,Ernest Hemingway,1952
209,Xan Fielding,Ernest Hemingway,1954
210,Xan Fielding,Ernest Hemingway,1953
211,Gifford Paul Cheshire,Ernest Hemingway,1952
212,Caryl Chessman,Ernest Hemingway,1954
213,[N.auth],Ernest Hemingway,1954
214,Agatha Christie,Ernest Hemingway,1951
215,Christina [pseud.],Ernest Hemingway,1950
216,Giovanni da [called Fra Angelico] Fiesole,Ernest Hemingway,1954
217,Percy Finch,Ernest Hemingway,1953
218,James Anthony Clark,Ernest Hemingway,1952
219,Leonard Francis Clark,Ernest Hemingway,1953
220,Mark W. Clark,Ernest Hemingway,1950
221,James Fisher,Ernest Hemingway,1954
222,F. Scott Fitzgerald,Ernest Hemingway,1951
223,F. Scott Fitzgerald,Ernest Hemingway,1951
224,James Percy Fitzpatrick,Ernest Hemingway,1954
225,Ennio Flaiano,Ernest Hemingway,1950
226,Jon Cleary,Ernest Hemingway,1952
227,Charmian Clift,Ernest Hemingway,1951
228,Pierre Clostermann,Ernest Hemingway,1951
229,John Coates,Ernest Hemingway,1953
230,James Thomas Flexner,Ernest Hemingway,1953
231,Vernon L. [Jim O'Mara] Fluharty,Ernest Hemingway,1952
232,Martha Foley (ed.),Ernest Hemingway,1952
233,Edwin Harris Colbert,Ernest Hemingway,1953
234,Ford Motor Company,Ernest Hemingway,1952
235,Sonia Mary Cole,Ernest Hemingway,1954
236,William Lawrence Coleman,Ernest Hemingway,1952
237,Sidonie Gabrielle Colette,Ernest Hemingway,1951
238,C. S. Forester,Ernest Hemingway,1953
239,H. A. Kazanjian,Ernest Hemingway,1954
240,Nikos Kazantzakis,Ernest Hemingway,1953
241,Alfred Kazin,Ernest Hemingway,1951
242,Jay Richard Kennedy,Ernest Hemingway,1953
243,Ralph Edward Hodgson,Ernest Hemingway,1950
244,Frances Parkinson Keyes,Ernest Hemingway,1950
245,Stewart Hall Holbrook,Ernest Hemingway,1953
246,Frances Parkinson Keyes,Ernest Hemingway,1950
247,Helen O'Donnell Holdredge,Ernest Hemingway,1953
248,Vyvyan Beresford Holland,Ernest Hemingway,1954
249,Lawrence William Hollingsworth,Ernest Hemingway,1951
250,Clifford King,Ernest Hemingway,1951
251,[N.auth],Ernest Hemingway,1950
252,Homer,Ernest Hemingway,1950
253,Homer,Ernest Hemingway,1950
254,Cornell George Hopley-Woolrich,Ernest Hemingway,1952
255,Hugh Fosburgh,Ernest Hemingway,1953
256,[N.auth],Ernest Hemingway,1954
257,Anatole France,Ernest Hemingway,1951
258,Teresa Francisco,Ernest Hemingway,1950
259,Sidney Franklin,Ernest Hemingway,1952
260,Isabelle Victorine Frémont,Ernest Hemingway,1951
261,John Albert Newton Friend,Ernest Hemingway,1953
262,Willi Frischauer,Ernest Hemingway,1951
263,Néstor Luján,Ernest Hemingway,1954
264,Jean Overton Fuller,Ernest Hemingway,1954
265,John Frederick Charles Fuller,Ernest Hemingway,1954
266,Joseph Chamberlain Furnas,Ernest Hemingway,1951
267,Edgar Lustgarten,Ernest Hemingway,1951
268,Edgar Lustgarten,Ernest Hemingway,1950
269,Carrie Alberta Lyford,Ernest Hemingway,1953
270,Bulkeley Garbutt Lynn-Allen,Ernest Hemingway,1951
271,Daniel V. Gallery,Ernest Hemingway,1951
272,Rodney Gallop,Ernest Hemingway,1951
273,Donald Clifford Gallup,Ernest Hemingway,1953
274,Ernest Kellogg Gann,Ernest Hemingway,1954
275,Ernest Kellogg Gann,Ernest Hemingway,1954
276,Eusebio Garcia-Mina,Ernest Hemingway,1954
277,Mary Garden,Ernest Hemingway,1951
278,Erle Stanley Gardner,Ernest Hemingway,1952
279,David Garnett,Ernest Hemingway,1954
280,David Garnett,Ernest Hemingway,1954
281,David Garnett,Ernest Hemingway,1951
282,Romain Gary,Ernest Hemingway,1950
283,Margaret Cooper Gay,Ernest Hemingway,1953
284,(J.R.) A.G. Geigy,Ernest Hemingway,1953
285,Alain Gheerbrant,Ernest Hemingway,1953
286,Constantin Virgil Gheorghiu,Ernest Hemingway,1950
287,John McCaffery (ed.),Ernest Hemingway,1950
288,Mary McCarthy,Ernest Hemingway,1954
289,Mary McCarthy,Ernest Hemingway,1952
290,Dame Rose Macaulay,Ernest Hemingway,1951
291,Patricia McCormick,Ernest Hemingway,1954
292,Harold McCracken,Ernest Hemingway,1952
293,Mary Williamson Macfadden,Ernest Hemingway,1953
294,Niccolò Machiavelli,Ernest Hemingway,1950
295,Vincent McHugh,Ernest Hemingway,1953
296,Kenneth Mackenzie,Ernest Hemingway,1951
297,James David Horan,Ernest Hemingway,1951
298,James David Horan,Ernest Hemingway,1951
299,James David Horan,Ernest Hemingway,1954
300,Leonora Hornblow,Ernest Hemingway,1951
301,James Hornell,Ernest Hemingway,1950
302,Bennett Stanley [Stanley Bennett Hough],Ernest Hemingway,1954
303,Geoffrey Household,Ernest Hemingway,1951
304,Geoffrey Household,Ernest Hemingway,1952
305,Geoffrey Household,Ernest Hemingway,1951
306,L. Ron Hubbard,Ernest Hemingway,1950
307,Charles Harvard Gibbs-Smith,Ernest Hemingway,1953
308,Walter Gibson,Ernest Hemingway,1953
309,André Gide,Ernest Hemingway,1951
310,Gerassimos [Phillip Dean] Gigantes,Ernest Hemingway,1953
311,Brendan Gill,Ernest Hemingway,1950
312,Leslie Gillespie,Ernest Hemingway,1952
313,Cyril Winthrop Mackworth-Praed,Ernest Hemingway,1952
314,Fitzroy Maclean,Ernest Hemingway,1951
315,Archibald MacLeish,Ernest Hemingway,1954
316,Archibald MacLeish,Ernest Hemingway,1952
317,Charles Longstreth McNichols,Ernest Hemingway,1954
318,John McNulty,Ernest Hemingway,1954
319,Giotto di Bondone,Ernest Hemingway,1954
320,Giraldello [pseud.],Ernest Hemingway,1951
321,Frederick Dilley [Luke Short] Glidden,Ernest Hemingway,1953
322,Frederick Dilley [Luke Short] Glidden,Ernest Hemingway,1953
323,Frederick Dilley [Luke Short] Glidden,Ernest Hemingway,1954
324,Frederick Dilley [Luke Short] Glidden,Ernest Hemingway,1952
325,Frederick Dilley [Luke Short] Glidden,Ernest Hemingway,1951
326,Jonathan H. [Peter Dawson] Glidden,Ernest Hemingway,1954
327,Jonathan H. [Peter Dawson] Glidden,Ernest Hemingway,1954
328,Jonathan H. [Peter Dawson] Glidden,Ernest Hemingway,1954
329,Joseph Charles Godfrey,Ernest Hemingway,1952
330,Ovidio César Paredes Herrera,Ernest Hemingway,1952
331,Norman Mailer,Ernest Hemingway,1951
332,Fred Majdalany,Ernest Hemingway,1953
333,Sergio Maldini,Ernest Hemingway,1953
334,Francoise Mallet,Ernest Hemingway,1952
335,André Malraux,Ernest Hemingway,1953
336,George Mandel,Ernest Hemingway,1953
337,Frederick Feikema Manfred,Ernest Hemingway,1954
338,H. Stuart Hughes,Ernest Hemingway,1952
339,Jerre Gerlando Mangione,Ernest Hemingway,1950
340,David Hulburd,Ernest Hemingway,1953
341,Hugo Manning,Ernest Hemingway,1952
342,William Humphrey,Ernest Hemingway,1953
343,Frazier Hunt,Ernest Hemingway,1954
344,José Gerardo Manrique de Lara,Ernest Hemingway,1954
345,Katherine Mansfield,Ernest Hemingway,1951
346,Étienne Mantoux,Ernest Hemingway,1952
347,John A. Hunter,Ernest Hemingway,1953
348,Jacques Maritain,Ernest Hemingway,1952
349,Harvey C. Markman,Ernest Hemingway,1954
350,John Hugo Edgar Puempin Marks,Ernest Hemingway,1953
351,John Hugo Edgar Puempin Marks,Ernest Hemingway,1952
352,John Hugo Edgar Puempin Marks,Ernest Hemingway,1953
353,Richard Lee Marks,Ernest Hemingway,1952
354,John P. Marquand,Ernest Hemingway,1951
355,Nikola_ Vasil_evich Gogol_,Ernest Hemingway,1952
356,John P. Marquand,Ernest Hemingway,1951
357,John Phillips Marquand,Ernest Hemingway,1953
358,Harry [Harry Grey] Goldberg,Ernest Hemingway,1953
359,Hyman Goldberg,Ernest Hemingway,1950
360,John P. Marquand,Ernest Hemingway,1954
361,Manuel Pedro González,Ernest Hemingway,1953
362,Valentín R. González,Ernest Hemingway,1952
363,Anselmo González Climent,Ernest Hemingway,1953
364,Francisco González del Valle y Ramirez,Ernest Hemingway,1952
365,Maruja González Villegas,Ernest Hemingway,1952
366,Alastair Mars,Ernest Hemingway,1953
367,Arthur Gordon,Ernest Hemingway,1950
368,Bruce Marshall,Ernest Hemingway,1953
369,Bruce Marshall,Ernest Hemingway,1954
370,Charles Henry Goren,Ernest Hemingway,1950
371,Bruce Marshall,Ernest Hemingway,1953
372,Edison Marshall,Ernest Hemingway,1954
373,Robert K. Marshall,Ernest Hemingway,1952
374,Samuel Lyman Atwood Marshall,Ernest Hemingway,1953
375,B. N. Gordon Graham,Ernest Hemingway,1950
376,Kenneth Grahame,Ernest Hemingway,1954
377,Robert Graves,Ernest Hemingway,1952
378,Prentiss Nathaniel Gray (ed.),Ernest Hemingway,1952
379,Peter Green,Ernest Hemingway,1953
380,Graham Greene,Ernest Hemingway,1950
381,[N.auth],Ernest Hemingway,1954
382,Cyril Connolly,Ernest Hemingway,1953
383,Barnaby Conrad,Ernest Hemingway,1952
384,Leonard R. Gribble,Ernest Hemingway,1953
385,Richard Griffith,Ernest Hemingway,1953
386,Jakob Ludwig Karl and Wilhelm Karl Grimm,Ernest Hemingway,1951
387,Uell Stanley Andersen,Ernest Hemingway,1953
388,Jack Anderson,Ernest Hemingway,1952
389,Margaret C. Anderson,Ernest Hemingway,1951
390,John Groth,Ernest Hemingway,1952
391,Davis Grubb,Ernest Hemingway,1953
392,Davis Grubb,Ernest Hemingway,1953
393,Stefan Paul Andres,Ernest Hemingway,1954
394,Frank Gruber,Ernest Hemingway,1954
395,Louis Grudin,Ernest Hemingway,1954
396,Heinz Guderian,Ernest Hemingway,1952
397,Office of Tourism Belgium,Ernest Hemingway,1951
398,[N.auth],Ernest Hemingway,1953
399,Guides Bleus,Ernest Hemingway,1952
400,Guides de Pneu Michelin,Ernest Hemingway,1954
401,Guides Bleus Nagel,Ernest Hemingway,1950
402,Karl Werner Gullers,Ernest Hemingway,1952
403,David Bernard Guralnik,Ernest Hemingway,1953
404,David Coxe Cooke,Ernest Hemingway,1954
405,Duff Cooper,Ernest Hemingway,1954
406,Harley Francis Cope,Ernest Hemingway,1951
407,Hugh Copley,Ernest Hemingway,1952
408,Hugh Copley,Ernest Hemingway,1950
409,Jim Corbett,Ernest Hemingway,1952
410,Gregorio Corrochano,Ernest Hemingway,1953
411,Mercedes Guyette,Ernest Hemingway,1951
412,Fritz Habeck,Ernest Hemingway,1950
413,Roderick L. Haig-Brown,Ernest Hemingway,1954
414,Donald Hamilton,Ernest Hemingway,1951
415,Patrick Hamilton,Ernest Hemingway,1952
416,John Bartlow Martin,Ernest Hemingway,1952
417,Gilbert R. Martineau,Ernest Hemingway,1953
418,Ricardo L. Martínez Hauradou,Ernest Hemingway,1954
419,Ricardo L. Martínez Hauradou,Ernest Hemingway,1954
420,Donato Martucci,Ernest Hemingway,1950
421,Marko Maruli_,Ernest Hemingway,1950
422,John Masters,Ernest Hemingway,1952
423,Harold Q. Masur,Ernest Hemingway,1952
424,Herbert Lionel Matthews,Ernest Hemingway,1950
425,F. O. Matthiessen,Ernest Hemingway,1950
426,George Wynn Brereton Huntingford,Ernest Hemingway,1950
427,W. Somerset Maugham,Ernest Hemingway,1950
428,W. Somerset Maugham,Ernest Hemingway,1953
429,Elspeth Joscelin Grant Huxley,Ernest Hemingway,1954
430,Elspeth Joscelin Grant Huxley,Ernest Hemingway,1953
431,Gerald Hanley,Ernest Hemingway,1951
432,Alfred Jackson Hanna,Ernest Hemingway,1950
433,Burton Harris,Ernest Hemingway,1952
434,Dick Harris,Ernest Hemingway,1953
435,Mark Harris,Ernest Hemingway,1953
436,Harold H. Hart,Ernest Hemingway,1950
437,Rupert Hart-Davis,Ernest Hemingway,1952
438,Jan De Hartog,Ernest Hemingway,1952
439,Jack Harvey,Ernest Hemingway,1953
440,Peggy Harvey,Ernest Hemingway,1952
441,Bengamin Gayelord Hauser,Ernest Hemingway,1951
442,José María de Cossío,Ernest Hemingway,1953
443,Ernest Haycox,Ernest Hemingway,1951
444,Ernest Haycox,Ernest Hemingway,1952
445,Robert Coughlan,Ernest Hemingway,1951
446,Ernest Haycox,Ernest Hemingway,1953
447,Ernest Haycox,Ernest Hemingway,1952
448,Ernest Haycox,Ernest Hemingway,1950
449,Jacques Yves Cousteau,Ernest Hemingway,1954
450,Miguel Covarrubias,Ernest Hemingway,1954
451,Ernest Haycox,Ernest Hemingway,1954
452,Szymon Milewski,Ernest Hemingway,1954
453,Malcolm Cowley,Ernest Hemingway,1951
454,Malcolm Cowley,Ernest Hemingway,1954
455,Harold L. Ickes,Ernest Hemingway,1953
456,George Reid Millar,Ernest Hemingway,1952
457,Kenneth [John Ross Macdonald] Millar,Ernest Hemingway,1950
458,Kenneth [John Ross Macdonald] Millar,Ernest Hemingway,1952
459,Edna St. Vincent Millay,Ernest Hemingway,1952
460,Betty Bergson Miller,Ernest Hemingway,1953
461,Mary Britton [Isabel Bolton] Miller,Ernest Hemingway,1952
462,Merle Miller,Ernest Hemingway,1952
463,Merle Miller,Ernest Hemingway,1954
464,International Game Fish Association,Ernest Hemingway,1952
465,Leonard S. Downes,Ernest Hemingway,1954
466,Washington Irving,Ernest Hemingway,1953
467,Christopher Isherwood,Ernest Hemingway,1954
468,Anthea Mitchell,Ernest Hemingway,1954
469,Carleton Mitchell,Ernest Hemingway,1953
470,Nancy Mitford,Ernest Hemingway,1954
471,Arthur Mizener,Ernest Hemingway,1951
472,Arthur Mizener,Ernest Hemingway,1951
473,José Wenceslao Maury Rodríguez,Ernest Hemingway,1954
474,Gavin Maxwell,Ernest Hemingway,1952
475,Gilbert Maxwell,Ernest Hemingway,1954
476,Tom Meany,Ernest Hemingway,1950
477,Oden Meeker,Ernest Hemingway,1954
478,Dieter Meichsner,Ernest Hemingway,1953
479,Aubrey Menen,Ernest Hemingway,1953
480,Aubrey Menen,Ernest Hemingway,1952
481,Aubrey Menen,Ernest Hemingway,1954
482,Asa Shinn Mercer,Ernest Hemingway,1954
483,Thomas Merton,Ernest Hemingway,1951
484,James A. Michener,Ernest Hemingway,1953
485,Hakon Mielche,Ernest Hemingway,1953
486,Charles Jackson,Ernest Hemingway,1950
487,Joseph Henry Jackson,Ernest Hemingway,1951
488,C. L. R. James,Ernest Hemingway,1953
489,Gustav Regler,Ernest Hemingway,1953
490,Ed Reid,Ernest Hemingway,1952
491,Patrick R. Reid,Ernest Hemingway,1952
492,Patrick R. Reid,Ernest Hemingway,1953
493,Guenther Reinhardt,Ernest Hemingway,1952
494,José María del Rey Caballero,Ernest Hemingway,1950
495,Graham Reynolds,Ernest Hemingway,1950
496,Quentin James Reynolds,Ernest Hemingway,1953
497,Willie Sutton,Ernest Hemingway,1953
498,Quentin James Reynolds,Ernest Hemingway,1953
499,Geraldine Halls,Ernest Hemingway,1952
500,Clare Jaynes,Ernest Hemingway,1952
501,Stephen Crane,Ernest Hemingway,1951
502,Stephen Crane,Ernest Hemingway,1952
503,John R. Crawford,Ernest Hemingway,1953
504,Hubert Creekmore,Ernest Hemingway,1952
505,Caresse Crosby,Ernest Hemingway,1953
506,John Jennings,Ernest Hemingway,1952
507,Ernest Jones,Ernest Hemingway,1953
508,Idwal Jones,Ernest Hemingway,1952
509,James Jones,Ernest Hemingway,1951
510,Walter Adolphe Roberts,Ernest Hemingway,1953
511,Robert Blackwood Robertson,Ernest Hemingway,1954
512,Donald B. Robinson,Ernest Hemingway,1952
513,Ugo Mochi,Ernest Hemingway,1953
514,Otto Lous Mohr,Ernest Hemingway,1953
515,Pierre Moinot,Ernest Hemingway,1951
516,Pierre Moinot,Ernest Hemingway,1953
517,Paolo Monelli,Ernest Hemingway,1953
518,André Jubelin,Ernest Hemingway,1953
519,Ahmad Kamal,Ernest Hemingway,1951
520,Harnett Thomas Kane,Ernest Hemingway,1951
521,MacKinlay Kantor,Ernest Hemingway,1951
522,MacKinlay Kantor,Ernest Hemingway,1950
523,MacKinlay Kantor,Ernest Hemingway,1953
524,Harold J. Kaplan,Ernest Hemingway,1950
525,Walter Karig,Ernest Hemingway,1952
526,David Katz,Ernest Hemingway,1953
527,Lenard Kaufman,Ernest Hemingway,1950
528,Richard Howard Stafford Crossman,Ernest Hemingway,1952
529,Cuba Ministerio de Defensa Nacional,Ernest Hemingway,1950
530,Hugh Cudlipp,Ernest Hemingway,1953
531,Andrew Cunningham,Ernest Hemingway,1953
532,Andrew Browne Cunningham,Ernest Hemingway,1951
533,Dan Cushman,Ernest Hemingway,1953
534,René Cuzacq,Ernest Hemingway,1953
535,Dante Alighieri,Ernest Hemingway,1954
536,Tobias Dantzig,Ernest Hemingway,1954
537,Maia Wojciechowska,Ernest Hemingway,1952
538,Selden Rodman,Ernest Hemingway,1951
539,Edwin Rolfe,Ernest Hemingway,1951
540,Romualdo Romano,Ernest Hemingway,1950
541,Romualdo Romano,Ernest Hemingway,1951
542,Charles F. Romanus,Ernest Hemingway,1953
543,Paride Rombi,Ernest Hemingway,1954
544,Arnold Marshall Rose,Ernest Hemingway,1951
545,Paul McClelland Angle,Ernest Hemingway,1954
546,H. E. Anthony,Ernest Hemingway,1950
547,Marcia Davenport,Ernest Hemingway,1954
548,Louis Bennett Davidson,Ernest Hemingway,1952
549,Hassoldt Davis,Ernest Hemingway,1952
550,Joseph Dean,Ernest Hemingway,1954
551,Sir Francis W. De Guingand,Ernest Hemingway,1953
552,Sigrid De Lima,Ernest Hemingway,1954
553,Sigrid De Lima,Ernest Hemingway,1952
554,Guy Des Cars,Ernest Hemingway,1952
555,Peter De Vries,Ernest Hemingway,1954
556,Hugo Dewar,Ernest Hemingway,1952
557,Martin Dibner,Ernest Hemingway,1953
558,Emily Dickinson,Ernest Hemingway,1952
559,Thomas Josiah Dimsdale,Ernest Hemingway,1953
560,Joseph F. Dinneen,Ernest Hemingway,1954
561,Vance Bourjaily (ed.),Ernest Hemingway,1953
562,Kenneth Dodson,Ernest Hemingway,1954
563,Carlos Dorante,Ernest Hemingway,1954
564,Walter Dornberger,Ernest Hemingway,1954
565,John Dos Passos,Ernest Hemingway,1951
566,Fyodor Dostoyevsky,Ernest Hemingway,1951
567,William O. Douglas,Ernest Hemingway,1951
568,Niels A. Douwes Dekker,Ernest Hemingway,1950
569,Olin Downes,Ernest Hemingway,1952
570,Adrian Conan Doyle,Ernest Hemingway,1953
571,Don Davis,Ernest Hemingway,1952
572,Davis Dresser,Ernest Hemingway,1952
573,Brett Halliday,Ernest Hemingway,1950
574,Pierre Drieu La Rochelle,Ernest Hemingway,1951
575,James Dugan,Ernest Hemingway,1953
576,Neville Duke,Ernest Hemingway,1953
577,David Douglas Duncan,Ernest Hemingway,1951
578,Du Pont de Nemours & Company,Ernest Hemingway,1952
579,Max Eastman,Ernest Hemingway,1954
580,Frank Custer Edminster,Ernest Hemingway,1954
581,Edward Duke of Windsor,Ernest Hemingway,1951
582,Georg Christen Eliassen,Ernest Hemingway,1952
583,T. S. Eliot,Ernest Hemingway,1950
584,T. S. Eliot,Ernest Hemingway,1952
585,Patrick Ellam,Ernest Hemingway,1953
586,Ministerio de Agricultura Spain,Ernest Hemingway,1950
587,Edward Louis Spears,Ernest Hemingway,1954
588,Auguste C. Spectorsky,Ernest Hemingway,1954
589,Stephen Spender,Ernest Hemingway,1951
590,Charles Federer,Ernest Hemingway,1954
591,[N.auth],Ernest Hemingway,1953
592,John Keith Stanford,Ernest Hemingway,1950
593,John Keith Stanford,Ernest Hemingway,1951
594,John Keith Stanford,Ernest Hemingway,1952
595,Leon Statham,Ernest Hemingway,1950
596,John Steinbeck,Ernest Hemingway,1952
597,John Steinbeck,Ernest Hemingway,1951
598,Sanford H. Roth,Ernest Hemingway,1953
599,Samuel Rothbort,Ernest Hemingway,1952
600,Gabriel Rouchès,Ernest Hemingway,1953
601,Royal East African Automobile Association,Ernest Hemingway,1951
602,[N.auth],Ernest Hemingway,1954
603,Robert Chester Ruark,Ernest Hemingway,1953
604,Carlos Rubén Lazo,Ernest Hemingway,1951
605,Carlos Rubén Lazo,Ernest Hemingway,1954
606,S. Leonard Rubinstein,Ernest Hemingway,1954
607,Hans Ruesch,Ernest Hemingway,1953
608,Peter Russell (ed.),Ernest Hemingway,1950
609,Peter Russell (ed.),Ernest Hemingway,1950
610,Nunzio Russo,Ernest Hemingway,1950
611,Mildred Graves Ryan,Ernest Hemingway,1954
612,Joseph T. Shaw,Ernest Hemingway,1952
613,Donald Henry Sheehan,Ernest Hemingway,1952
614,Samuel Shellabarger,Ernest Hemingway,1951
615,Percy Bysshe Shelley,Ernest Hemingway,1951
616,Thomas Boswell Shepherd,Ernest Hemingway,1950
617,Edna Sherry,Ernest Hemingway,1952
618,William L. Shirer,Ernest Hemingway,1951
619,Adrienne Monnier,Ernest Hemingway,1953
620,Nicholas Monsarrat,Ernest Hemingway,1953
621,Nicholas Monsarrat,Ernest Hemingway,1951
622,Ashley Montagu,Ernest Hemingway,1953
623,Ian Melville Stephens,Ernest Hemingway,1953
624,Jessie Bane Stephenson,Ernest Hemingway,1953
625,Sasha Siemel,Ernest Hemingway,1953
626,Ignazio Silone,Ernest Hemingway,1953
627,Ignazio Silone,Ernest Hemingway,1950
628,Concepción Silva Bélinzon,Ernest Hemingway,1953
629,Harry Calman Appel,Ernest Hemingway,1952
630,John Appleby,Ernest Hemingway,1952
631,César del Arco,Ernest Hemingway,1953
632,Georges Simenon,Ernest Hemingway,1951
633,Robert Ardrey,Ernest Hemingway,1952
634,Marqués de Arellano,Ernest Hemingway,1951
635,Dante Arfelli,Ernest Hemingway,1953
636,Georges Simenon,Ernest Hemingway,1951
637,Robert Louis Stevenson,Ernest Hemingway,1952
638,Marianne Moore,Ernest Hemingway,1951
639,James Stevenson-Hamilton,Ernest Hemingway,1952
640,Alan Moorehead,Ernest Hemingway,1954
641,Alan Moorehead,Ernest Hemingway,1952
642,Alan Moorehead,Ernest Hemingway,1951
643,James Stevenson-Hamilton,Ernest Hemingway,1950
644,Elsa Morante,Ernest Hemingway,1951
645,Helga Moray,Ernest Hemingway,1953
646,Abelardo Moreno,Ernest Hemingway,1950
647,Marino Moretti,Ernest Hemingway,1952
648,Sir Frederick Edgworth Morgan,Ernest Hemingway,1950
649,Donald R. Morris,Ernest Hemingway,1952
650,Wright Morris,Ernest Hemingway,1954
651,Frederic Morton,Ernest Hemingway,1952
652,Lewis Mumford,Ernest Hemingway,1950
653,Saint-Paulien,Ernest Hemingway,1953
654,J. D. Salinger,Ernest Hemingway,1951
655,J. D. Salinger,Ernest Hemingway,1953
656,Lee Samuels,Ernest Hemingway,1951
657,Carl Sandburg,Ernest Hemingway,1954
658,Carl Sandburg,Ernest Hemingway,1953
659,Carl Sandburg,Ernest Hemingway,1952
660,Carl Sandburg,Ernest Hemingway,1950
661,Carl Sandburg,Ernest Hemingway,1953
662,John B. Sanford,Ernest Hemingway,1954
663,George Santayana,Ernest Hemingway,1954
664,Luigi Santucci,Ernest Hemingway,1952
665,William Saroyan,Ernest Hemingway,1952
666,John Strachey,Ernest Hemingway,1952
667,Olle Strandberg,Ernest Hemingway,1954
668,Børge Strandnæs,Ernest Hemingway,1954
669,Clarence Kirshman Streit,Ernest Hemingway,1954
670,John Hadfield (ed.),Ernest Hemingway,1954
671,Les Savage,Ernest Hemingway,1952
672,Jack Schaefer,Ernest Hemingway,1953
673,Georges Simenon,Ernest Hemingway,1951
674,John Leighton Stuart,Ernest Hemingway,1954
675,William Styron,Ernest Hemingway,1951
676,Oscar Antonio de Succar,Ernest Hemingway,1954
677,Sunset,Ernest Hemingway,1951
678,George Miksch Sutton,Ernest Hemingway,1951
679,Howard Swiggett,Ernest Hemingway,1953
680,Robert Taft,Ernest Hemingway,1953
681,Hanama Tasaki,Ernest Hemingway,1950
682,Hilbert van Nydeck Schenck,Ernest Hemingway,1954
683,David Edward Scherman,Ernest Hemingway,1952
684,Mario Schettini,Ernest Hemingway,1953
685,Göran Schildt,Ernest Hemingway,1953
686,Göran Schildt,Ernest Hemingway,1952
687,James Norman,Ernest Hemingway,1953
688,Italo Svevo,Ernest Hemingway,1953
689,Michael George Schofield,Ernest Hemingway,1953
690,Budd Schulberg,Ernest Hemingway,1950
691,Budd Schulberg,Ernest Hemingway,1953
692,James Maurice Scott,Ernest Hemingway,1953
693,Paul Scott,Ernest Hemingway,1953
694,Robert Lee Scott,Ernest Hemingway,1954
695,Frank Scully,Ernest Hemingway,1950
696,Paul Bigelow Sears,Ernest Hemingway,1953
697,[N.auth],Ernest Hemingway,1954
698,George Seldes,Ernest Hemingway,1953
699,Margaret Cabell Self,Ernest Hemingway,1950
700,Samuel Selvon,Ernest Hemingway,1953
701,Bernardo Serebrinsky,Ernest Hemingway,1954
702,Alyse Simpson,Ernest Hemingway,1954
703,George Gaylord Simpson,Ernest Hemingway,1951
704,Upton Sinclair,Ernest Hemingway,1953
705,Upton Sinclair,Ernest Hemingway,1954
706,Osbert Sitwell,Ernest Hemingway,1950
707,Sacheverell Sitwell,Ernest Hemingway,1951
708,[N.auth],Ernest Hemingway,1954
709,Frank G. Slaughter,Ernest Hemingway,1951
710,Victor Slocum,Ernest Hemingway,1950
711,Marc Slonim,Ernest Hemingway,1950
712,Don Smith,Ernest Hemingway,1953
713,F. G. Walton Smith,Ernest Hemingway,1954
714,Ira Lepouce Smith,Ernest Hemingway,1954
715,Robert Paul Smith,Ernest Hemingway,1952
716,Red Smith,Ernest Hemingway,1950
717,Red Smith,Ernest Hemingway,1954
718,Le Moyne Snyder,Ernest Hemingway,1953
719,Heinz Schaeffer,Ernest Hemingway,1953
720,Robert Lewis Taylor,Ernest Hemingway,1951
721,Haroun Tazieff,Ernest Hemingway,1953
722,Judd L. Teller,Ernest Hemingway,1954
723,Enrique Serpa,Ernest Hemingway,1951
724,Anya Seton,Ernest Hemingway,1954
725,Marie Seton,Ernest Hemingway,1952
726,William Ward Seward,Ernest Hemingway,1950
727,Elizabeth Sewell,Ernest Hemingway,1952
728,Raymond T. Shafer,Ernest Hemingway,1954
729,William Shakespeare,Ernest Hemingway,1952
730,Harry Lionel Shapiro,Ernest Hemingway,1953
731,Karl Jay Shapiro (ed.),Ernest Hemingway,1954
732,Robert Shaplen,Ernest Hemingway,1954
733,Artie Shaw,Ernest Hemingway,1952
734,Irwin Shaw,Ernest Hemingway,1950
735,Irwin Shaw,Ernest Hemingway,1951
736,Société Européenne de Culture,Ernest Hemingway,1952
737,Benito Solanes Ragull,Ernest Hemingway,1953
738,François Sommer,Ernest Hemingway,1953
739,François Sommer,Ernest Hemingway,1951
740,François Sommer,Ernest Hemingway,1953
741,Elena Soriano Jara,Ernest Hemingway,1951
742,Russell Thacher,Ernest Hemingway,1951
743,Raymond Swing (ed.),Ernest Hemingway,1954
744,Dylan Thomas,Ernest Hemingway,1954
745,Dylan Thomas,Ernest Hemingway,1952
746,Henry Thomas,Ernest Hemingway,1950
747,Lowell Thomas,Ernest Hemingway,1950
748,John Eric Sidney Thompson,Ernest Hemingway,1954
749,Morton Thompson,Ernest Hemingway,1954
750,Clarence Lewis Barnhart,Ernest Hemingway,1951
751,James Thurber,Ernest Hemingway,1954
752,James Thurber,Ernest Hemingway,1952
753,Juan Muñoz García,Ernest Hemingway,1951
754,Michelangelo Muraro,Ernest Hemingway,1954
755,Olaus Johan Murie,Ernest Hemingway,1951
756,Haridas Thakordas Muzumdar,Ernest Hemingway,1952
757,George Jean Nathan,Ernest Hemingway,1952
758,Charles Neider,Ernest Hemingway,1954
759,Allan Nevins,Ernest Hemingway,1954
760,[N.auth],Ernest Hemingway,1950
761,[N.auth],Ernest Hemingway,1954
762,[N.auth],Ernest Hemingway,1952
763,[N.auth],Ernest Hemingway,1952
764,[N.auth],Ernest Hemingway,1953
765,[N.auth],Ernest Hemingway,1954
766,[N.auth],Ernest Hemingway,1954
767,[N.auth],Ernest Hemingway,1954
768,[N.auth],Ernest Hemingway,1954
769,Leo Tolstoy,Ernest Hemingway,1952
770,Hollington Kong Tong,Ernest Hemingway,1953
771,Virgil ,W.H. Auden,1951
772,Don Tracy,Ernest Hemingway,1953
773,Don Tracy,Ernest Hemingway,1952
774,[N.auth],Ernest Hemingway,1951
775,Julio Trenas,Ernest Hemingway,1952
776,Antonino Trizzino,Ernest Hemingway,1952
777,Henri Troyat,Ernest Hemingway,1953
778,Harry Tschopik,Ernest Hemingway,1952
779,Harry Tschopik,Ernest Hemingway,1952
780,Kurt Tucholsky,Ernest Hemingway,1950
781,Lael Tucker,Ernest Hemingway,1954
782,Lael Tucker,Ernest Hemingway,1952
783,Arthur Tuckerman,Ernest Hemingway,1954
784,Ivan Sergeevich Turgenev,Ernest Hemingway,1951
785,W.B. Yeats ,W.H. Auden,1954
786,James Ramsey Ullman,Ernest Hemingway,1951
787,Ruth Murray Underhill,Ernest Hemingway,1954
788,United States Coast and Geodetic Survey,Ernest Hemingway,1951
789,U.S. Nautical Almanac Office,Ernest Hemingway,1951
790,Luis Uriarte,Ernest Hemingway,1951
791,Leon Uris,Ernest Hemingway,1953
792,Dora Valdovinos,Ernest Hemingway,1954
793,Martial Valin,Ernest Hemingway,1954
794,John Keats ,W.H. Auden,1951
795,Laurens Van der Post,Ernest Hemingway,1951
796,Karl Kraus ,W.H. Auden,1952
797,W.H. Auden ,W.H. Auden,1951
798,W.H. Auden ,W.H. Auden,1950
799,E. H. Fellowes ,W.H. Auden,1950
800,Lodovico Ariosto,Ernest Hemingway,1950
801,John Heath-Stubbs ,W.H. Auden,1953
802,Aesop ,W.H. Auden,1954
803,Jean De La Fontaine ,W.H. Auden,1954
804,H. C. (Hans Christian) Andersen ,W.H. Auden,1953
805,Martin P. Nilsson ,W.H. Auden,1952
806,Savitri Chowdhary ,W.H. Auden,1954
807,Gwyn Williams ,W.H. Auden,1953
808,Doreen Yen Hung Feng ,W.H. Auden,1953
809,Dale Van Every,Ernest Hemingway,1952
810,Hendrik Willem Van Loon,Ernest Hemingway,1953
811,Van Van Praag,Ernest Hemingway,1951
812,Alessandro Vardanega,Ernest Hemingway,1951
813,José Vega,Ernest Hemingway,1954
814,Søren Kierkegaard ,W.H. Auden,1952
815,J. R. R Tolkien ,W.H. Auden,1954
816,Kaneripatna Sidhanatha Venkataramani,Ernest Hemingway,1950
817,Orio Vergani,Ernest Hemingway,1953
818,Stanley Vestal,Ernest Hemingway,1952
819,Gore Vidal,Ernest Hemingway,1950
820,Peter Viertel,Ernest Hemingway,1953
821,Ezequiel Vieta,Ernest Hemingway,1954
822,John Adolf Vietor,Ernest Hemingway,1951
823,Elizabeth Gray Vining,Ernest Hemingway,1952
824,Virgil,Ernest Hemingway,1953
825,Elio Vittorini,Ernest Hemingway,1953
826,Elio Vittorini,Ernest Hemingway,1952
827,Elio Vittorini,Ernest Hemingway,1952
828,Elio Vittorini,Ernest Hemingway,1951
829,John Donaldson Voelker,Ernest Hemingway,1954
830,Kurt Vonnegut,Ernest Hemingway,1952
831,Melvin B. Voorhees,Ernest Hemingway,1952
832,Frederic Wakeman,Ernest Hemingway,1950
833,Douglass Wallop,Ernest Hemingway,1953
834,Ge_rard Walter,Ernest Hemingway,1952
835,[N.auth] ,W.H. Auden,1953
836,Harry Redcay Warfel,Ernest Hemingway,1951
837,Robert Penn Warren,Ernest Hemingway,1954
838,[N.auth],Ernest Hemingway,1954
839,John V. Watkins,Ernest Hemingway,1954
840,Bernice Kunerth Watt,Ernest Hemingway,1950
841,Evelyn Waugh,Ernest Hemingway,1951
842,Evelyn Waugh,Ernest Hemingway,1952
843,Evelyn Waugh,Ernest Hemingway,1954
844,Jean Francis Webb,Ernest Hemingway,1950
845,Mary Webb,Ernest Hemingway,1950
846,[N.auth],Ernest Hemingway,1953
847,Dixon Wecter,Ernest Hemingway,1952
848,Paul Iselin Wellman,Ernest Hemingway,1950
849,Paul Iselin Wellman,Ernest Hemingway,1954
850,Paul Iselin Wellman,Ernest Hemingway,1951
851,Charles Wertenbaker,Ernest Hemingway,1954
852,W. H Auden ,W.H. Auden,1951
853,Tobias Dantzig ,W.H. Auden,1954
854,Anthony West,Ernest Hemingway,1952
855,Jessamyn West,Ernest Hemingway,1952
856,Nathanael West,Ernest Hemingway,1954
857,Christine Weston,Ernest Hemingway,1950
858,Donald Wetzel,Ernest Hemingway,1952
859,Donald Wetzel,Ernest Hemingway,1950
860,Maxime Weygand,Ernest Hemingway,1950
861,William Wheeler,Ernest Hemingway,1952
862,Jere Hungerford Wheelwright,Ernest Hemingway,1953
863,Elliott Pendleton White,Ernest Hemingway,1952
864,Leslie Turner White,Ernest Hemingway,1953
865,J. M. Cohen ,W.H. Auden,1952
866,Robert Graves ,W.H. Auden,1953
867,Owen Barfield ,W.H. Auden,1952
868,[N.auth],Ernest Hemingway,1950
869,[N.auth],Ernest Hemingway,1954
870,Leonard Wibberley,Ernest Hemingway,1954
871,Dan Wickenden,Ernest Hemingway,1952
872,Harry Wilcox,Ernest Hemingway,1953
873,Harry Wilcox,Ernest Hemingway,1953
874,Robert Wilder,Ernest Hemingway,1952
875,Burke Wilkinson,Ernest Hemingway,1951
876,Bernard Williams,Ernest Hemingway,1952
877,Eric Ernest Williams,Ernest Hemingway,1953
878,J. H. Williams,Ernest Hemingway,1950
879,Jay Williams,Ernest Hemingway,1954
880,Joseph Peter Williams,Ernest Hemingway,1954
881,Tennessee Williams,Ernest Hemingway,1950
882,William Carlos Williams,Ernest Hemingway,1951
883,Wirt Williams,Ernest Hemingway,1951
884,Herbert William Williamson-Serra,Ernest Hemingway,1952
885,Calder Willingham,Ernest Hemingway,1950
886,Calder Willingham,Ernest Hemingway,1952
887,Chester Wilmot,Ernest Hemingway,1952
888,Angus Wilson,Ernest Hemingway,1952
889,Angus Wilson,Ernest Hemingway,1951
890,Angus Wilson,Ernest Hemingway,1953
891,Donald Powell Wilson,Ernest Hemingway,1953
892,Edmund Wilson,Ernest Hemingway,1952
893,Harry Leon Wilson,Ernest Hemingway,1951
894,Mitchell A. Wilson,Ernest Hemingway,1953
895,Prentice Winchell,Ernest Hemingway,1954
896,Igor Stravinsky ,W.H. Auden,1951
897,Rowland Winn,Ernest Hemingway,1954
898,Kathryn Winslow,Ernest Hemingway,1952
899,Robert Alexander Winston,Ernest Hemingway,1952
900,Ira Wolfert,Ernest Hemingway,1953
901,Stanley A. Wolpert,Ernest Hemingway,1954
902,Garden Section Woman's Club of Havana,Ernest Hemingway,1952
903,George Woodbury,Ernest Hemingway,1951
904,David Woodward,Ernest Hemingway,1954
905,Herman Wouk,Ernest Hemingway,1951
906,Cyril James Templeman Wrenicke,Ernest Hemingway,1953
907,Helen Eva Yates,Ernest Hemingway,1950
908,[N.auth],Ernest Hemingway,1954
909,Philip Young,Ernest Hemingway,1952
910,Wayland Hilton Young,Ernest Hemingway,1952
911,Ellis M. Zacharias,Ernest Hemingway,1950
912,Paul A. Zahl,Ernest Hemingway,1952
913,[N.auth],Ernest Hemingway,1951
914,Herbert Spencer Zim,Ernest Hemingway,1951
915,Herbert Spencer Zim,Ernest Hemingway,1950
916,Herbert Spencer Zim,Ernest Hemingway,1952
917,Petar Zoranic,Ernest Hemingway,1952
918,Samuel Butler ,W.H. Auden,1951
919,William Barnes ,W.H. Auden,1950
920,Winthrop Mackworth Praed ,W.H. Auden,1953
921,Ernest Jones ,W.H. Auden,1953
922,Rudolf Felmayer ,W.H. Auden,1951
923,Stephen Spender ,W.H. Auden,1951
924,Ezra Pound   ,Ezra Pound,1953
925,Ezra Pound   ,Ezra Pound,1951
926,Sheridan Van Dolah   ,Ezra Pound,1950
927,Ezra Pound   ,Ezra Pound,1952
928,Antonio Vivaldi   ,Ezra Pound,1950
929,T.S. Eliot   ,Ezra Pound,1954
930,Giuseppe Ferri   ,Ezra Pound,1950
931,Bruno Spampanato   ,Ezra Pound,1951
932,Rabindranath Tagore   ,Ezra Pound,1950
933,Council of Florence (1438-1445)   ,Ezra Pound,1951
934,Henry Scowcroft Bettenson   ,Ezra Pound,1951
935,Antonio Arráiz,Ernest Hemingway,1951
936,[N.auth],Ernest Hemingway,1950
937,Alfred M. Frankfurter,Ernest Hemingway,1951
938,Eric Ormerod Ashton,Ernest Hemingway,1951
939,Lady Cynthia Asquith (ed.),Ernest Hemingway,1953
940,Ezra Pound   ,Ezra Pound,1951
941,Louis Agassiz   ,Ezra Pound,1953
942,Ezra Pound   ,Ezra Pound,1951
943,Ezra Pound   ,Ezra Pound,1953
944,Alexander Del Mar   ,Ezra Pound,1951
945,Ezra Pound   ,Ezra Pound,1950
946,Jorge de Lima   ,Ezra Pound,1952
947,Katsue Kitasono   ,Ezra Pound,1953
948,[N.auth]   ,Ezra Pound,1951
949,Ezra Pound   ,Ezra Pound,1950
950,Ezra Pound   ,Ezra Pound,1951
951,John Alfred Atkins,Ernest Hemingway,1952
952,Enrico Pea   ,Ezra Pound,1954
953,Carlo Scarfoglio   ,Ezra Pound,1953
954,Giovanni Guareschi   ,Ezra Pound,1951
955,Hubert Creekmore   ,Ezra Pound,1950
956,Peter Russell   ,Ezra Pound,1952
957,W. H. Auden,Ernest Hemingway,1950
958,Jorge de Lima   ,Ezra Pound,1950
959,Guido Leto   ,Ezra Pound,1951
960,Yvon De Begnac   ,Ezra Pound,1950
961,Biblioteca apostolica vaticana. Manuscript. Pap. aeg. 19.   ,Ezra Pound,1954
962,Permanent Council for the Development of National Production of the Republic of   ,Ezra Pound,1954
963,Francisco de Quevedo   ,Ezra Pound,1954
964,Alan Neame   ,Ezra Pound,1953
965,Ezra Pound   ,Ezra Pound,1951
966,Ezra Pound   ,Ezra Pound,1952
967,Manuel Ayala Lo_pez,Ernest Hemingway,1951
968,Luciano Anceschi   ,Ezra Pound,1953
969,Hugh Kenner   ,Ezra Pound,1951
970,José V. de Pina Martins   ,Ezra Pound,1954
971,José V. de Pina Martins   ,Ezra Pound,1954
972,Dallam Simpson   ,Ezra Pound,1951
973,Dallam Flynn   ,Ezra Pound,1951
974,Leslie Rumble   ,Ezra Pound,1953
975,Rolando Monti   ,Ezra Pound,1950
976,Wyndham Lewis   ,Ezra Pound,1951
977,Wyndham Lewis   ,Ezra Pound,1950
978,S. A. Luciani   ,Ezra Pound,1954
979,François Villon   ,Ezra Pound,1953
980,Ezra Pound   ,Ezra Pound,1953
981,Mario Gulino   ,Ezra Pound,1954
982,[N.auth]   ,Ezra Pound,1950
983,Giuseppe Vattuone   ,Ezra Pound,1954
984,Havilah Babcock,Ernest Hemingway,1952
985,Luis de Armiñán,Ernest Hemingway,1953
986,Charlotte Armstrong,Ernest Hemingway,1952
987,Ernest Hemingway,Ernest Hemingway,1950
988,Ernest Hemingway,Ernest Hemingway,1952
989,Samuel Eliot Morison   ,Ezra Pound,1953
990,Eustace Clarence Mullins   ,Ezra Pound,1952
991,Rudyard Kipling,Ernest Hemingway,1950
992,Thomas Hart Benton   ,Ezra Pound,1954
993,Herb Klein,Ernest Hemingway,1953
994,E. F. Kluge,Ernest Hemingway,1953
995,John Kobler,Ernest Hemingway,1950
996,A. Lawrence Kocher,Ernest Hemingway,1954
997,Arthur Koestler,Ernest Hemingway,1953
998,Arthur Koestler,Ernest Hemingway,1951
999,Arthur Koestler,Ernest Hemingway,1954
1000,Arthur Koestler,Ernest Hemingway,1954
1001,Charles A. Lindbergh,Ernest Hemingway,1953
1002,Audrey Erskine Lindop,Ernest Hemingway,1953
1003,Joseph Wharton Lippincott,Ernest Hemingway,1953
1004,Joseph Wharton Lippincott,Ernest Hemingway,1954
1005,Joseph Wharton Lippincott,Ernest Hemingway,1950
1006,[N.auth],Ernest Hemingway,1954
1007,Jesús (Recorte) Lloret,Ernest Hemingway,1953
1008,Dale Kramer,Ernest Hemingway,1951
1009,William Krasner,Ernest Hemingway,1952
1010,Arthur Locke,Ernest Hemingway,1954
1011,Charles O. Locke,Ernest Hemingway,1954
1012,Frances Louise (Davis) Lockridge,Ernest Hemingway,1950
1013,Charles A. Lockwood,Ernest Hemingway,1951
1014,Ivar Lo-Johansson,Ernest Hemingway,1954
1015,Craig LaDrière   ,Ezra Pound,1951
1016,Ezra Pound   ,Ezra Pound,1951
1017,Irving P. Krick,Ernest Hemingway,1954
1018,Edmund Joseph Longyear,Ernest Hemingway,1951
1019,Milton Lott,Ernest Hemingway,1954
1020,Harold William Lovell,Ernest Hemingway,1952
1021,Ralph Lowe,Ernest Hemingway,1951
1022,Marcel Kurz,Ernest Hemingway,1953
1023,Walter B. Lowrey,Ernest Hemingway,1953
1024,Pierre Choderlos de Laclos,Ernest Hemingway,1953
1025,Christopher La Farge,Ernest Hemingway,1953
1026,Auguste Lafront,Ernest Hemingway,1950
1027,Jack Lait,Ernest Hemingway,1951
1028,Jack Lait,Ernest Hemingway,1952
1029,Jack Lait,Ernest Hemingway,1951
1030,Alexander Lake,Ernest Hemingway,1954
1031,Alexander Lake,Ernest Hemingway,1954
1032,John Crompton,Ernest Hemingway,1951
1033,Francesca Raimonde La Monte,Ernest Hemingway,1952
1034,Kenneth Church Lamott,Ernest Hemingway,1952
1035,Bruce Lancaster,Ernest Hemingway,1952
1036,Mark Aleksandrovich Aldanov,Ernest Hemingway,1952
1037,Wolfgang Ernst Langewiesche-Brandt,Ernest Hemingway,1954
1038,René Char              ,e.e. cummings,1951
1039,John Lardner,Ernest Hemingway,1951
1040,Pierre Drieu La Rochelle,Ernest Hemingway,1951
1041,Adolfo de Larrañaga,Ernest Hemingway,1954
1042,Owen Lattimore,Ernest Hemingway,1950
1043,Bernard Berenson              ,e.e. cummings,1953
1044,John W. Aldridge              ,e.e. cummings,1951
1045,Tomás Blanco              ,e.e. cummings,1954
1046,Alis Levi,Ernest Hemingway,1952
1047,Meyer Levin,Ernest Hemingway,1950
1048,Meyer Levin,Ernest Hemingway,1950
1049,Richard Lewinsohn,Ernest Hemingway,1954
1050,A. W. Lawrence,Ernest Hemingway,1954
1051,D. H. Lawrence,Ernest Hemingway,1954
1052,Tom Lea,Ernest Hemingway,1952
1053,Louis Seymour Bazett Leakey,Ernest Hemingway,1953
1054,Louis Seymour Bazett Leakey,Ernest Hemingway,1953
1055,Christianna Brand,Ernest Hemingway,1953
1056,Georges Simenon              ,e.e. cummings,1951
1057,Pan American World Airways Inc.              ,e.e. cummings,1950
1058,Jean Anouilh              ,e.e. cummings,1953
1059,Edna Woolman Chase              ,e.e. cummings,1954
1060,Henry Fielding              ,e.e. cummings,1950
1061,Lewis Galantiere              ,e.e. cummings,1950
1062,James Erwin Schevill              ,e.e. cummings,1951
1063,Rosamond Lehmann,Ernest Hemingway,1953
1064,Sinclair Lewis,Ernest Hemingway,1952
1065,Sinclair Lewis,Ernest Hemingway,1953
1066,Pio Baroja              ,e.e. cummings,1953
1067,Ylla              ,e.e. cummings,1953
1068,Erwin Rommel,Ernest Hemingway,1953
1069,Heinz Liepman,Ernest Hemingway,1952
1070,[N.auth],Ernest Hemingway,1951
1071,[N.auth],Ernest Hemingway,1950
1072,New York Herald Tribune,Ernest Hemingway,1952
1073,Percy Howard Newby,Ernest Hemingway,1953
1074,Edward Newhouse,Ernest Hemingway,1951
1075,Dwight Bennett Newton,Ernest Hemingway,1952
1076,Stockholm Nobelstiftelsen,Ernest Hemingway,1950
1077,[N.auth],Ernest Hemingway,1952
1078,Pierre Marie Quervelle,Ernest Hemingway,1952
1079,nan,e.e. cummings,1952
1080,William MacLeod Raine,Ernest Hemingway,1952
1081,William MacLeod Raine,Ernest Hemingway,1952
1082,James David Horan,Ernest Hemingway,1954
1083,John Jennings,Ernest Hemingway,1952
1084,MacKinlay Kantor,Ernest Hemingway,1950
1085,MacKinlay Kantor,Ernest Hemingway,1950
1086,MacKinlay Kantor,Ernest Hemingway,1950
1087,Angelus Silesius              ,e.e. cummings,1953
1088,Upton Sinclair,Ernest Hemingway,1954
1089,nan,e.e. cummings,1950
1090,Maria Lo Pinto              ,e.e. cummings,1950
1091,Jack Lait,Ernest Hemingway,1951
1092,Arturo Barea,Ernest Hemingway,1951
1093,Heinrich Oberjohann,Ernest Hemingway,1952
1094,Adriana Ivancich Biaggini,Ernest Hemingway,1953
1095,Charles J. Calitri,Ernest Hemingway,1952
1096,Scott O'Dell,Ernest Hemingway,1953
1097,Bernard O'Donnell,Ernest Hemingway,1951
1098,Bernard O'Donnell,Ernest Hemingway,1950
1099,Frank O'Connor,Ernest Hemingway,1954
1100,Archibald H. Maule Ramsay,Ernest Hemingway,1954
1101,Samuel Berder Rapport (ed.),Ernest Hemingway,1952
1102,John Carswell (ed.),Ernest Hemingway,1952
1103,B.J. Ratcliffe,Ernest Hemingway,1952
1104,B.J. Ratcliffe,Ernest Hemingway,1952
1105,William Ratigan,Ernest Hemingway,1954
1106,Marjorie Kinnan Rawlings,Ernest Hemingway,1953
1107,Rafael Oliveira Garcia Serrano,Ernest Hemingway,1951
1108,Mary Dolling [Ann Bridge] O'Malley,Ernest Hemingway,1952
1109,Walter O'Meara,Ernest Hemingway,1951
1110,George Orwell,Ernest Hemingway,1950
1111,George Orwell,Ernest Hemingway,1950
1112,George Orwell,Ernest Hemingway,1950
1113,George Orwell,Ernest Hemingway,1952
1114,Roderic Owen,Ernest Hemingway,1952
1115,Reynolds Packard,Ernest Hemingway,1951
1116,Angela Padellaro,Ernest Hemingway,1950
1117,Estelle Sylvia Pankhurst,Ernest Hemingway,1951
1118,Richard Pape,Ernest Hemingway,1953
1119,nan,e.e. cummings,1954
1120,Eric Parker,Ernest Hemingway,1951
1121,Richard Parker,Ernest Hemingway,1954
1122,László Pataky,Ernest Hemingway,1952
1123,László Pataky,Ernest Hemingway,1952
1124,Alan Paton,Ernest Hemingway,1953
1125,Rebecca Patterson,Ernest Hemingway,1951
1126,Cesare Pavese,Ernest Hemingway,1954
1127,Domenico Rea,Ernest Hemingway,1952
1128,Edmund Pennant,Ernest Hemingway,1952
1129,D. J. Penwill,Ernest Hemingway,1951
1130,Karl Heinz Stauder,Ernest Hemingway,1952
1131,Alejandro Pereira Alves,Ernest Hemingway,1950
1132,Gustav Regler,Ernest Hemingway,1951
1133,Maxwell E. Perkins,Ernest Hemingway,1950
1134,Daisy Valerie Perrott,Ernest Hemingway,1951
1135,Roger Tory Peterson,Ernest Hemingway,1954
1136,Olin Sewall Pettingill,Ernest Hemingway,1951
1137,Olin Sewall Pettingill,Ernest Hemingway,1953
1138,Joseph Peyré,Ernest Hemingway,1952
1139,William Phillips,Ernest Hemingway,1953
1140,William Phillips,Ernest Hemingway,1954
1141,Pablo Picasso,Ernest Hemingway,1953
1142,Alberto [Alberto Moravia] Pincherele,Ernest Hemingway,1951
1143,Alberto [Alberto Moravia] Pincherele,Ernest Hemingway,1951
1144,Blas Pingaro,Ernest Hemingway,1952
1145,Guido Piovene,Ernest Hemingway,1953
1146,[N.auth],Ernest Hemingway,1951
1147,Angélica Plaza,Ernest Hemingway,1954
1148,Theodor Plievier,Ernest Hemingway,1953
1149,Edgar Allan Poe,Ernest Hemingway,1954
1150,Frederick Julius Pohl,Ernest Hemingway,1952
1151,Ada Buch Polak,Ernest Hemingway,1953
1152,Edith Pope,Ernest Hemingway,1954
1153,Claude Popelin,Ernest Hemingway,1952
1154,Katherine Anne Porter,Ernest Hemingway,1954
1155,Serafín Portuondo Linares,Ernest Hemingway,1950
1156,Chandler Rathfon Post,Ernest Hemingway,1950
1157,Angel Neovildo Pou,Ernest Hemingway,1954
1158,Richard Hooper Pough,Ernest Hemingway,1951
1159,Richard Hooper Pough,Ernest Hemingway,1951
1160,Ezra Pound,Ernest Hemingway,1954
1161,Ezra Pound,Ernest Hemingway,1950
1162,Ezra Pound,Ernest Hemingway,1950
1163,Ezra Pound,Ernest Hemingway,1950
1164,Anthony Powell,Ernest Hemingway,1953
1165,Dawn Powell,Ernest Hemingway,1952
1166,Dawn Powell,Ernest Hemingway,1954
1167,Sergio Maldini,Ernest Hemingway,1953
1168,Gavin Maxwell,Ernest Hemingway,1952
1169,Walter Adolphe Roberts,Ernest Hemingway,1953
1170,Thomas Donald Carter,Ernest Hemingway,1951
1171,Barnaby Conrad,Ernest Hemingway,1952
1172,Barnaby Conrad,Ernest Hemingway,1952
1173,Miguel Covarrubias,Ernest Hemingway,1954
1174,Hassoldt Davis,Ernest Hemingway,1952
1175,Robert Blackwood Robertson,Ernest Hemingway,1954
1176,Carl Sandburg,Ernest Hemingway,1953
1177,Mario Schettini,Ernest Hemingway,1953
1178,William Ward Seward,Ernest Hemingway,1950
1179,Robert Shaplen,Ernest Hemingway,1954
1180,William O. Douglas,Ernest Hemingway,1951
1181,Davis Dresser,Ernest Hemingway,1952
1182,Leo Tolstoy,Ernest Hemingway,1952
1183,Leo Tolstoy,Ernest Hemingway,1952
1184,Peter Viertel,Ernest Hemingway,1953
1185,Donald Wetzel,Ernest Hemingway,1950
1186,Philip Young,Ernest Hemingway,1952
1187,Herbert Spencer Zim,Ernest Hemingway,1952
1188,Fletcher Pratt,Ernest Hemingway,1951
1189,Hilda Frances Margaret Prescott,Ernest Hemingway,1952
1190,Orville Prescott,Ernest Hemingway,1952
1191,Jacques Prévert,Ernest Hemingway,1952
1192,Jacques Prévert,Ernest Hemingway,1952
1193,Gregorio Prieto,Ernest Hemingway,1951
1194,Marcel Proust,Ernest Hemingway,1953
1195,Ken W. Purdy,Ernest Hemingway,1954
1196,Ken W. Purdy,Ernest Hemingway,1954
1197,Alan Priest              ,e.e. cummings,1954
1198,E. E. Cummings              ,e.e. cummings,1953
1199,William Phillips              ,e.e. cummings,1953
1200,Berlitz Schools of Languages of America              ,e.e. cummings,1954
1201,Berlitz Schools of Languages of America              ,e.e. cummings,1954
1202,Fritz Peters              ,e.e. cummings,1950
1203,Samuel Chamberlain              ,e.e. cummings,1952
1204,George Gordon Byron Byron              ,e.e. cummings,1950
1205,Gregorio Martínez Sierra              ,e.e. cummings,1954
1206,Ezra Pound              ,e.e. cummings,1954
1207,Jean Adhémar              ,e.e. cummings,1951
1208,Jean Cocteau              ,e.e. cummings,1953
1209,Erle Stanley Gardner              ,e.e. cummings,1951
1210,Marcel Belvianes              ,e.e. cummings,1951
1211,Kenneth Hurlstone Jackson              ,e.e. cummings,1951
1212,Carol Janeway              ,e.e. cummings,1950
1213,Alice Langellier              ,e.e. cummings,1951
1214,Jacques Maritain,Flannery O'Connor,1952
1215,Gabriel Marcel,Flannery O'Connor,1952
1216,Gabriel Marcel,Flannery O'Connor,1950
1217,James Daniel Collins,Flannery O'Connor,1952
1218,Lewis Mumford,Flannery O'Connor,1950
1219,Max Picard,Flannery O'Connor,1952
1220,Emmanuel Mounier,Flannery O'Connor,1952
1221,Josef Pieper,Flannery O'Connor,1952
1222,Jacques Maritain,Flannery O'Connor,1953
1223,Erich Neumann,Flannery O'Connor,1954
1224,David Riesman,Flannery O'Connor,1953
1225,Aquinas Thomas,Flannery O'Connor,1952
1226,Michael De La Bedoyere,Flannery O'Connor,1951
1227,Martin Buber,Flannery O'Connor,1952
1228,Stendhal,Flannery O'Connor,1953
1229,Miguel de Cervantes Saavedra,Flannery O'Connor,1954
1230,Karl Stern,Flannery O'Connor,1954
1231,Victor White,Flannery O'Connor,1953
1232,Søren Kierkegaard,Flannery O'Connor,1954
1233,Max Picard,Flannery O'Connor,1951
1234,Charles Journet,Flannery O'Connor,1952
1235,Joseph Conrad,Flannery O'Connor,1951
1236,Joseph Conrad,Flannery O'Connor,1953
1237,Joseph Conrad,Flannery O'Connor,1951
1238,Henri de Lubac,Flannery O'Connor,1950
1239,Charles Dickens,Flannery O'Connor,1950
1240,Fyodor Dostoyevsky,Flannery O'Connor,1953
1241,George Eliot,Flannery O'Connor,1950
1242,William Faulkner,Flannery O'Connor,1951
1243,William Faulkner,Flannery O'Connor,1951
1244,William Faulkner,Flannery O'Connor,1954
1245,William Faulkner,Flannery O'Connor,1952
1246,E. E Cummings              ,e.e. cummings,1950
1247,Edgar Johnson              ,e.e. cummings,1952
1248,Ford Madox Ford,Flannery O'Connor,1951
1249,Alexander Jones,Flannery O'Connor,1951
1250,Ronald Arbuthnott Knox,Flannery O'Connor,1950
1251,John Hawkes,Flannery O'Connor,1951
1252,Nathaniel Hawthorne,Flannery O'Connor,1951
1253,Nathaniel Hawthorne,Flannery O'Connor,1950
1254,Henry James,Flannery O'Connor,1954
1255,Franz Kafka,Flannery O'Connor,1952
1256,Madame de La Fayette,Flannery O'Connor,1951
1257,Wyndham Lewis,Flannery O'Connor,1952
1258,Wyndham Lewis,Flannery O'Connor,1954
1259,Thomas Mann,Flannery O'Connor,1954
1260,François Mauriac,Flannery O'Connor,1952
1261,François Mauriac,Flannery O'Connor,1952
1262,Herman Melville,Flannery O'Connor,1950
1263,Katherine Anne Porter,Flannery O'Connor,1953
1264,Samuel Richardson,Flannery O'Connor,1950
1265,Romano Guardini,Flannery O'Connor,1952
1266,George H. Tavard,Flannery O'Connor,1954
1267,p&egrave;re Bruno de Jesus-Marie,Flannery O'Connor,1954
1268,Leo Tolstoy,Flannery O'Connor,1950
1269,Anthony Trollope,Flannery O'Connor,1950
1270,Henri Daniel-Rops,Flannery O'Connor,1954
1271,Romano Guardini,Flannery O'Connor,1954
1272,Nathanael West,Flannery O'Connor,1950
1273,nan,e.e. cummings,1953
1274,John Dos Passos              ,e.e. cummings,1951
1275,Cint_man_i Kara              ,e.e. cummings,1950
1276,Stella Gibbons              ,e.e. cummings,1950
1277,Marianne Moore              ,e.e. cummings,1951
1278,Dylan Thomas              ,e.e. cummings,1953
1279,A. E. Coppard              ,e.e. cummings,1951
1280,nan,e.e. cummings,1952
1281,Virginia Woolf              ,e.e. cummings,1954
1282,Kenneth Lawrence Beaudoin              ,e.e. cummings,1951
1283,Victor Gollancz              ,e.e. cummings,1950
1284,Sergey Aksakov              ,e.e. cummings,1951
1285,Eugen Herrigel              ,e.e. cummings,1953
1286,Michel van der Plas              ,e.e. cummings,1954
1287,Edith Lewis              ,e.e. cummings,1953
1288,Edmund Wilson              ,e.e. cummings,1953
1289,Walter de la Mare              ,e.e. cummings,1951
1290,Paul Engle              ,e.e. cummings,1951
1291,Fritz Peters              ,e.e. cummings,1950
1292,Charles Ingle              ,e.e. cummings,1953
1293,H. A. Kazanjian              ,e.e. cummings,1954
1294,Lesley Blanch              ,e.e. cummings,1954
1295,Frank Chittenden              ,e.e. cummings,1952
1296,Herbert Van Thal              ,e.e. cummings,1951
1297,J.-M. Guilcher              ,e.e. cummings,1950
1298,André Malraux              ,e.e. cummings,1951
1299,Chesly Manly              ,e.e. cummings,1954
1300,Allen Tate              ,e.e. cummings,1950
1301,Cleanth Brooks              ,e.e. cummings,1950
1302,E. E. Cummings              ,e.e. cummings,1953
1303,Edmund Wilson              ,e.e. cummings,1951
1304,Miguel de Unamuno              ,e.e. cummings,1952
1305,William H Crawford              ,e.e. cummings,1951
1306,Alistair Reid              ,e.e. cummings,1953
1307,Alexandra Tolstoy              ,e.e. cummings,1953
1308,Patrick Leigh Fermor              ,e.e. cummings,1950
1309,Sophocles              ,e.e. cummings,1950
1310,Alan Devoe              ,e.e. cummings,1954
1311,George Santayana              ,e.e. cummings,1953
1312,Jon Schuler              ,e.e. cummings,1954
1313,John Berryman              ,e.e. cummings,1950
1314,Howard. Pyle              ,e.e. cummings,1950
1315,Christopher St. John Sprigg              ,e.e. cummings,1951
1316,D. H. Lawrence              ,e.e. cummings,1953
1317,Eustace Clarence Mullins              ,e.e. cummings,1952
1318,Sybille Bedford              ,e.e. cummings,1953
1319,Anacreon              ,e.e. cummings,1950
1320,Sacheverell Sitwell              ,e.e. cummings,1950
1321,Franz C. Feger              ,e.e. cummings,1954
1322,V. S. Pritchett              ,e.e. cummings,1954
1323,I. A. Richards              ,e.e. cummings,1954
1324,Mignon G. Eberhart              ,e.e. cummings,1952
1325,Stuart Hampshire              ,e.e. cummings,1951
1326,MacKinley Helm              ,e.e. cummings,1952
1327,Samuel Taylor. Coleridge              ,e.e. cummings,1950
1328,Joseph Marie Perrin              ,e.e. cummings,1953
1329,Peter Quennell              ,e.e. cummings,1953
1330,Marya Zaturenska              ,e.e. cummings,1954
1331,Horace Gregory              ,e.e. cummings,1951
1332,Samuel Taylor Coleridge              ,e.e. cummings,1950
1333,Marvin Solomon              ,e.e. cummings,1952
1334,G. Lombard Kelly              ,e.e. cummings,1951
1335,Fritz Wittels              ,e.e. cummings,1953
1336,William H Crawford              ,e.e. cummings,1953
1337,Jean Verrier              ,e.e. cummings,1951
1338,Louis de Rouvroy Saint-Simon              ,e.e. cummings,1953
1339,Leon J. Cohen              ,e.e. cummings,1954
1340,Association of American Universities              ,e.e. cummings,1953
1341,Dylan Thomas              ,e.e. cummings,1954
1342,Charles Norman              ,e.e. cummings,1954
1343,Raymond Cogniat              ,e.e. cummings,1953
1344,Jean Cocteau              ,e.e. cummings,1952
1345,Henry James              ,e.e. cummings,1950
1346,nan,e.e. cummings,1950
1347,Dallam Simpson              ,e.e. cummings,1951
1348,United States. Congress. Senate. Committee on the Judiciary.              ,e.e. cummings,1953
1349,Aldous Huxley              ,e.e. cummings,1950
1350,Henry James              ,e.e. cummings,1951
1351,nan,e.e. cummings,1954
1352,Max Eastman              ,e.e. cummings,1954
1353,Elizabeth Bartlett              ,e.e. cummings,1952
1354,Yasuo Fujitomi              ,e.e. cummings,1954
1355,nan,e.e. cummings,1952
1356,Wilfrid Blunt              ,e.e. cummings,1953
1357,E. E. Cummings              ,e.e. cummings,1950
1358,E. E. Cummings              ,e.e. cummings,1954
1359,Germain Bazin              ,e.e. cummings,1954
1360,Amedeo Maiuri              ,e.e. cummings,1953
1361,nan,e.e. cummings,1950
1362,nan,e.e. cummings,1950
1363,F. O. Matthiessen              ,e.e. cummings,1952
1364,Iona Archibald Opie              ,e.e. cummings,1951
1365,nan,e.e. cummings,1951
1366,Pierre Morel              ,e.e. cummings,1951
1367,Izis Bidermanas              ,e.e. cummings,1950
1368,nan,e.e. cummings,1953
1369,Driss Chra&iuml;bi              ,e.e. cummings,1954
1370,Saul Steinberg              ,e.e. cummings,1954
1371,Ezra Pound              ,e.e. cummings,1950
1372,Charles Cros              ,e.e. cummings,1954
1373,Evelyn Malone Curro              ,e.e. cummings,1954
1374,Gilbert Highet              ,e.e. cummings,1952
1375,Kenneth Lawrence Beaudoin              ,e.e. cummings,1953
1376,G. V. Hamilton              ,e.e. cummings,1950
1377,Sally Carrighar              ,e.e. cummings,1953
1378,Meriwether Lewis              ,e.e. cummings,1953
1379,Alan Devoe              ,e.e. cummings,1953
1380,Albert Jay Nock              ,e.e. cummings,1950
1381,Pierre Larousse              ,e.e. cummings,1953
1382,Marcel Bovis              ,e.e. cummings,1953
1383,Paul Roche              ,e.e. cummings,1954
1384,Gilbert C. Klingel              ,e.e. cummings,1954
1385,A. E. Housman              ,e.e. cummings,1950
1386,Sir Fred Hoyle              ,e.e. cummings,1950
1387,Robert Graves              ,e.e. cummings,1954
1388,Saverio Pisani              ,e.e. cummings,1953
1389,Rolfe Humphries              ,e.e. cummings,1953
1390,Frank O'Connor              ,e.e. cummings,1954
1391,Charles Norman              ,e.e. cummings,1951
1392,Charles Norman              ,e.e. cummings,1950
1393,David Cecil              ,e.e. cummings,1954
1394,Lewis Mumford              ,e.e. cummings,1950
1395,Nancy Mitford              ,e.e. cummings,1954
1396,Bernard Shaw              ,e.e. cummings,1951
1397,Ernest Jones              ,e.e. cummings,1953
1398,Stewart Mitchell              ,e.e. cummings,1952
1399,Irving Gaynor Neiman              ,e.e. cummings,1953
1400,Gerald Brenan              ,e.e. cummings,1951
1401,Pierre Jean Jouve              ,e.e. cummings,1954
1402,Edward John Trelawny              ,e.e. cummings,1952
1403,André Maurois              ,e.e. cummings,1953
1404,W. B. Yeats              ,e.e. cummings,1954
1405,Ezra Pound              ,e.e. cummings,1950
1406,Ezra Pound              ,e.e. cummings,1951
1407,Katherine Mansfield              ,e.e. cummings,1951
1408,Lionel Trilling              ,e.e. cummings,1950
1409,M.D. Berlitz              ,e.e. cummings,1953
1410,Georges Braque              ,e.e. cummings,1952
1411,Jean Cocteau              ,e.e. cummings,1953
1412,Antony Alpers              ,e.e. cummings,1953
1413,Rumer Godden              ,e.e. cummings,1953
1414,Herbert Spencer Zim              ,e.e. cummings,1951
1415,Harry Thornton Moore              ,e.e. cummings,1954
1416,United States. Congress. Senate. Committee on the Judiciary.              ,e.e. cummings,1953
1417,Peter Mark Roget              ,e.e. cummings,1951
1418,John Frederick Muehl              ,e.e. cummings,1950
1419,Austin Coates              ,e.e. cummings,1950
1420,Freya Stark              ,e.e. cummings,1954
1421,Touring club italiano.              ,e.e. cummings,1950
1422,E. E. Cummings              ,e.e. cummings,1953
1423,Homer              ,e.e. cummings,1950
1424,Maurice Déribéré              ,e.e. cummings,1951
1425,Maurice Déribéré              ,e.e. cummings,1951
1426,Alexandra David-Neel              ,e.e. cummings,1951
1427,nan,e.e. cummings,1951
1428,William H. Crawford              ,e.e. cummings,1950
1429,Cyril Connolly              ,e.e. cummings,1953
1430,Alice Winchester              ,e.e. cummings,1951
1431,Donald Hall              ,e.e. cummings,1950
1432,Investigation of Communist Activities              ,e.e. cummings,1953
1433,Leon Edel               ,e.e. cummings,1953
1434,Jean Merrill              ,e.e. cummings,1951
1435,Freiherr von Herbert Buttlar              ,e.e. cummings,1950
1436,Ezra Pound              ,e.e. cummings,1953
1437,Giovanni Mariotti              ,e.e. cummings,1952
1438,E. E. Cummings              ,e.e. cummings,1954
1439,nan,e.e. cummings,1951
1440,Giotto              ,e.e. cummings,1950
1441,Elliott Coleman              ,e.e. cummings,1952
1442,Cecil Beaton              ,e.e. cummings,1954
1443,Elliott Coleman              ,e.e. cummings,1954
1444,Henry James              ,e.e. cummings,1952
1445,David Garnett              ,e.e. cummings,1954
1446,Vincent Cronin              ,e.e. cummings,1954
1447,Sara Murray Jordan              ,e.e. cummings,1951
1448,Freya Stark              ,e.e. cummings,1953
1449,Bentley              ,e.e. cummings,1952
1450,Alexandre Vialatte              ,e.e. cummings,1951
1451,Flora Volpini              ,e.e. cummings,1950
1452,E. E. Cummings              ,e.e. cummings,1953
1453,Laurence Binyon              ,e.e. cummings,1953
1454,Garcilaso de la Vega              ,e.e. cummings,1951
1455,Maria de Subira              ,e.e. cummings,1954
1456,Malcolm Cowley              ,e.e. cummings,1951
1457,James Thurber              ,e.e. cummings,1951
1458,Jean de La Fontaine              ,e.e. cummings,1954
1459,Felice Bellotti              ,e.e. cummings,1954
1460,James Reynolds              ,e.e. cummings,1953
1461,Kenneth Patchen              ,e.e. cummings,1954
1462,Arthur Mizener              ,e.e. cummings,1951
1463,Leonardo da Vinci              ,e.e. cummings,1953
1464,Eustace Clarence Mullins              ,e.e. cummings,1954
1465,Langdon Warner              ,e.e. cummings,1952
1466,Nan Fairbrother              ,e.e. cummings,1954
1467,Max Eastman              ,e.e. cummings,1951
1468,E.E. Cummings              ,e.e. cummings,1954
1469,Ernst Robert Curtius              ,e.e. cummings,1953
1470,Jean Ney              ,e.e. cummings,1952
1471,V. Sackville-West              ,e.e. cummings,1953
1472,James Boyer May              ,e.e. cummings,1952
1473,E. E. Cummings              ,e.e. cummings,1953
1474,Amy Ruth Kelly              ,e.e. cummings,1950
1475,J. H. Williams              ,e.e. cummings,1950
1476,nan,e.e. cummings,1954
1477,Dylan Thomas              ,e.e. cummings,1953
1478,Charles Norman              ,e.e. cummings,1951
1479,Norman Kreitman              ,e.e. cummings,1952
1480,Buffalo Fine Arts Academy              ,e.e. cummings,1950
1481,Willa Cather              ,e.e. cummings,1951
1482,Giovanni Boccaccio              ,e.e. cummings,1950
1483,Frederick Rolfe              ,e.e. cummings,1953
1484,Simone de Beauvoir              ,e.e. cummings,1953
1485,Margaretta Salinger              ,e.e. cummings,1954
1486,Sarah Orne Jewett              ,e.e. cummings,1954
1487,Georges Poulet              ,e.e. cummings,1953
1488,Charles Norman              ,e.e. cummings,1951
1489,T. S. Eliot              ,e.e. cummings,1954
1490,Honoré de Balzac              ,e.e. cummings,1953
1491,Richard Aldington              ,e.e. cummings,1950
1492,Agnes De Mille              ,e.e. cummings,1952
1493,American Academy of Arts and Letters.              ,e.e. cummings,1951
1494,Ralph Waldo Emerson              ,e.e. cummings,1950
1495,H. W. Fowler              ,e.e. cummings,1951
1496,Paul Verlaine              ,e.e. cummings,1950
1497,Gerald Maurois              ,e.e. cummings,1951
1498,Salvador de Madariaga              ,e.e. cummings,1954
1499,Marcel Proust              ,e.e. cummings,1950
1500,E. E. Cummings              ,e.e. cummings,1954
1501,Allan Wade  ,W.B. Yeats,1951
1502, William Humphrey ,Virginia Woolf,1953
1503, Richard D. Altick ,Virginia Woolf,1950
1504, Isaiah Berlin ,Virginia Woolf,1954
1505, Sir Philip Magnus ,Virginia Woolf,1954
1506, Richard Pankhurst ,Virginia Woolf,1954
1507, William Faulkner ,Virginia Woolf,1954
1508, Dorothy Fernando ,Virginia Woolf,1954
1509, Niccol Machiavelli ,Virginia Woolf,1954
1510, Arts Council of Ceylon. ,Virginia Woolf,1954
1511, Maurice Walter Brockwell ,Virginia Woolf,1954
1512, William Alexander Robson ,Virginia Woolf,1954
1513, S. Moos ,Virginia Woolf,1954
1514, John Keith Johnstone ,Virginia Woolf,1954
1515, Isaac Deutscher ,Virginia Woolf,1954
1516, Cecil Day Lewis ,Virginia Woolf,1954
1517, Sheila Wingfield ,Virginia Woolf,1954
1518, Christopher Morris ,Virginia Woolf,1953
1519, Julian Franklyn ,Virginia Woolf,1953
1520, Edward Hallett Carr ,Virginia Woolf,1950
1521, Alexis de Tocqueville ,Virginia Woolf,1951
1522, A. L. Kennedy ,Virginia Woolf,1953
1523, T. D. Weldon ,Virginia Woolf,1953
1524, R. H. Tawney ,Virginia Woolf,1953
1525, Roy Lewis ,Virginia Woolf,1953
1526, Kingsley Martin ,Virginia Woolf,1953
1527, Sir Ivor Jennings ,Virginia Woolf,1953
1528, Juliette Alvin ,Virginia Woolf,1953
1529, William Edward Collinson ,Virginia Woolf,1953
1530, Royal Horticultural Society ,Virginia Woolf,1953
1531, Sir L. E. Jones ,Virginia Woolf,1953
1532, Gaetano Salvemini ,Virginia Woolf,1953
1533, Wade & Co Chalmers ,Virginia Woolf,1953
1534, Desmond MacCarthy ,Virginia Woolf,1953
1535, E. D. Simon ,Virginia Woolf,1953
1536, Sophocles ,Virginia Woolf,1953
1537, B. M. Spinley ,Virginia Woolf,1953
1538, Richard Sidney Richmond Fitter ,Virginia Woolf,1952
1539, Harold Joseph Laski ,Virginia Woolf,1952
1540, Alan Bullock ,Virginia Woolf,1952
1541, Harold Munro Fox ,Virginia Woolf,1952
1542, Herman Melville ,Virginia Woolf,1952
1543, Sir Lewis Bernstein Namier ,Virginia Woolf,1952
1544, Eugene Edward Wilson ,Virginia Woolf,1952
1545, Margery Perham ,Virginia Woolf,1952
1546, Virgil ,Virginia Woolf,1952
1547, Beatrice Webb ,Virginia Woolf,1952
1548, Fawcett Society. ,Virginia Woolf,1952
1549, British Government ,Virginia Woolf,1952
1550, Maurice Walter Brockwell ,Virginia Woolf,1952
1551, John Lehmann ,Virginia Woolf,1952
1552, Paul Blanshard ,Virginia Woolf,1951
1553, Virginia Woolf ,Virginia Woolf,1951
1554, The Fabian Society ,Virginia Woolf,1951
1555, Molly Mortimer ,Virginia Woolf,1951
1556, William Alexander Robson ,Virginia Woolf,1951
1557, Sir Roy Forbes Harrod ,Virginia Woolf,1951
1558, F. G. Preston ,Virginia Woolf,1951
1559, Austen Harry Albu ,Virginia Woolf,1951
1560, Karl Mannheim ,Virginia Woolf,1951
1561, Vladimir Petrov ,Virginia Woolf,1951
1562, Aneurin Bevan ,Virginia Woolf,1951
1563, Austen Harry Albu ,Virginia Woolf,1951
1564, R. H. S. Crossman ,Virginia Woolf,1951
1565, R. H. S. Crossman ,Virginia Woolf,1951
1566, T. E. M. McKitterick ,Virginia Woolf,1951
1567, R. E. Money-Kyrle ,Virginia Woolf,1951
1568, Roger Martin Du Gard ,Virginia Woolf,1951
1569, Peradeniya Royal Botanical Gardens ,Virginia Woolf,1951
1570, D. G. C. MacNabb ,Virginia Woolf,1951
1571, John Lehmann ,Virginia Woolf,1951
1572, Stephen Spender ,Virginia Woolf,1951
1573, William Hunter McCrea ,Virginia Woolf,1950
1574, Thomas Corbishley ,Virginia Woolf,1950
1575, M. C. Bradbrook ,Virginia Woolf,1950
1576, Walter Theimer ,Virginia Woolf,1950
1577, Lionel Wendt ,Virginia Woolf,1950
1578, Marjorie Nicholson ,Virginia Woolf,1950
1579, Allan D. Flanders ,Virginia Woolf,1950
1580, Hugh Armstrong Clegg ,Virginia Woolf,1950
1581, Euan Cooper-Willis ,Virginia Woolf,1950
1582, Edward Hallett Carr ,Virginia Woolf,1950
1583, Frederik Vinding Kruse ,Virginia Woolf,1950
1584, Sydney Dawson Bailey ,Virginia Woolf,1950
1585, Allan Gwynne-Jones ,Virginia Woolf,1950
1586, André Gide ,Virginia Woolf,1950
1587, Bernard Shaw ,Virginia Woolf,1950
1588, Margery Allingham ,Virginia Woolf,1950
1589, S. P. Adinarayan ,Virginia Woolf,1950
1590, Sigmund Freud ,Virginia Woolf,1950
1591, R. C. Mortimer ,Virginia Woolf,1950
1592, Agatha Christie ,Virginia Woolf,1950
1593, National Book League ,Virginia Woolf,1950
1594, Kenneth Clinton Wheare ,Virginia Woolf,1951
1595, Virginia Cowles ,Virginia Woolf,1953
1596, [N.auth] ,Virginia Woolf,1954
1597, Stand ,Virginia Woolf,1952
1598, John Lehmann ,Virginia Woolf,1954
1599,Joseph Amber Barry,Gertrude Stein,1952
1600,Yvan Goll,Gertrude Stein,1951
1601,Lancelot Law Whyte ,Edith Sitwell,1954
1602,Miguel de Cervantes Saavedra ,Edith Sitwell,1950
1603,John Lehmann ,Edith Sitwell,1951
1604,Charles Tennyson ,Edith Sitwell,1950
1605,Edith Sitwell ,Edith Sitwell,1951
1606,David Jones ,Edith Sitwell,1952
1607,Cecil Arthur Hackett ,Edith Sitwell,1952
1608,Lancelot Law Whyte ,Edith Sitwell,1951
1609,Jack Beeching ,Edith Sitwell,1950
1610,William March ,Edith Sitwell,1954
1611,Zaharia Stancu ,Edith Sitwell,1951
1612,Margaret Bottrall ,Edith Sitwell,1950
1613,Wilhelm Pinder ,Edith Sitwell,1954
1614,Florence Waterbury ,Edith Sitwell,1952
1615,Edith Sitwell ,Edith Sitwell,1952
1616,Edith Sitwell ,Edith Sitwell,1950
1617,Charles Morgan ,Edith Sitwell,1951
1618,Jack Lindsay ,Edith Sitwell,1952
1619,Edith Sitwell ,Edith Sitwell,1950
1620,E. E. Cummings ,Edith Sitwell,1950
1621,William Geddie ,Edith Sitwell,1952
1622,Jack Lindsay ,Edith Sitwell,1950
1623,Rudyard Kipling ,Edith Sitwell,1950
1624,Rudyard Kipling ,Edith Sitwell,1950
1625,Mary Jeremy Finnegan ,Edith Sitwell,1951
1626,T. S. Eliot ,Edith Sitwell,1950
1627,Walter De la Mare ,Edith Sitwell,1951
1628,Alexander Pope ,Edith Sitwell,1951
1629,Marianne Moore ,Edith Sitwell,1951
1630,Marianne Moore ,Edith Sitwell,1952
1631,Dylan Thomas ,Edith Sitwell,1952
1632,Dylan Thomas ,Edith Sitwell,1953
1633,Edith Sitwell ,Edith Sitwell,1954
1634,W. H. Davies ,Edith Sitwell,1951
1635,W. H. Auden ,Edith Sitwell,1952
1636,Stanley Snaith ,Edith Sitwell,1950
1637,Stanley Snaith ,Edith Sitwell,1950
1638,F. R. Leavis ,Edith Sitwell,1952
1639,Robert Frost ,Edith Sitwell,1951
1640,Percy Bysshe Shelley ,Edith Sitwell,1952
1641,T. S. Eliot ,Edith Sitwell,1954
1642,G. S. Fraser ,Edith Sitwell,1954
1643,T. S. Eliot ,Edith Sitwell,1954
1644,Edith Wharton ,Edith Sitwell,1954
1645,Katherine Anne Porter ,Edith Sitwell,1952
1646,Aldous Huxley ,Edith Sitwell,1954
1647,Louis Danz ,Edith Sitwell,1952
1648,Leonard Clark ,Edith Sitwell,1953
1649,John Heath-Stubbs ,Edith Sitwell,1953
1650,Jean de La Fontaine ,Edith Sitwell,1954
1651,Jack Lindsay ,Edith Sitwell,1950
1652,Norman Cameron ,Edith Sitwell,1950
1653,Bryher ,Edith Sitwell,1952
1654,Dorian Cooke ,Edith Sitwell,1950
1655,Dorian Cooke ,Edith Sitwell,1950
1656,Francis Berry ,Edith Sitwell,1952
1657,Edith Sitwell ,Edith Sitwell,1953
1658,Maurice Carpenter ,Edith Sitwell,1950
1659,Maurice Carpenter ,Edith Sitwell,1950
1660,Christina Georgina Rossetti ,Edith Sitwell,1951
1661,Randall Swingler ,Edith Sitwell,1950
1662,Randall Swingler ,Edith Sitwell,1950
1663,Anne Ridler ,Edith Sitwell,1951
1664,Francis Turner Palgrave ,Edith Sitwell,1951
1665,Rex Ingamells ,Edith Sitwell,1951
1666,Benjamin Farrington ,Edith Sitwell,1953
1667,Wallace Stevens ,Edith Sitwell,1950
1668,Graham Greene ,Edith Sitwell,1954
1669,Richard Eberhart ,Edith Sitwell,1950
1670,C. M. Bowra ,Edith Sitwell,1952
1671,Thomas Blackburn ,Edith Sitwell,1954
1672,Edith Wharton ,Edith Sitwell,1953
1673,Jean Giono ,Edith Sitwell,1953
1674,Henry T. F. Rhodes ,Edith Sitwell,1952
1675,C. M. Bowra ,Edith Sitwell,1951
1676,Isopel May ,Edith Sitwell,1951
1677,C. Day Lewis ,Edith Sitwell,1953
1678,John Gerard ,Edith Sitwell,1951
1679,Geoffrey Gorer ,Edith Sitwell,1953
1680,William Long ,Edith Sitwell,1951
1681,Ezra Pound ,Edith Sitwell,1954
1682,W. S. Merwin ,Edith Sitwell,1952
1683,Sir Herbert John Clifford Grierson ,Edith Sitwell,1952
1684,Betty Martin ,Edith Sitwell,1952
1685,Frederick Brantley ,Edith Sitwell,1950
1686,Kenneth Clark ,Edith Sitwell,1954
1687,Robert Tallant ,Edith Sitwell,1953
1688,William Plomer ,Edith Sitwell,1952
1689,F. R. Leavis ,Edith Sitwell,1950
1690,W. H. Auden ,Edith Sitwell,1951
1691,Humphrey Searle ,Edith Sitwell,1950
1692,Peter Robins ,Edith Sitwell,1953
1693,V. Sackville-West ,Edith Sitwell,1950
1694,Sister Miriam Joseph ,Edith Sitwell,1954
1695,F. O. Matthiessen ,Edith Sitwell,1950
1696,F. O. Matthiessen ,Edith Sitwell,1952
1697,E. K. Chambers ,Edith Sitwell,1950
1698,Suzanne Oswald ,Edith Sitwell,1950
1699,Tom Clarkson ,Edith Sitwell,1951
1700,Geoffrey Moore ,Edith Sitwell,1954
1701,Charles James Rolo ,Edith Sitwell,1954
1702,Cecil Beaton ,Edith Sitwell,1951
1703,Paul Bowles ,Edith Sitwell,1954
1704,Plato. ,Edith Sitwell,1950
1705,Anthony Bertram ,Edith Sitwell,1950
1706,Algernon Charles Swinburne ,Edith Sitwell,1950
1707,Gerard Manley Hopkins ,Edith Sitwell,1954
1708,Richard Church ,Edith Sitwell,1950
1709,Robert Herrick ,Edith Sitwell,1951
1710,T. S. Eliot ,Edith Sitwell,1951
1711,Elder Olson ,Edith Sitwell,1954
1712,Edith Sitwell ,Edith Sitwell,1950
1713,Edith Sitwell ,Edith Sitwell,1950
1714,Edith Sitwell ,Edith Sitwell,1950
1715,Edith Sitwell ,Edith Sitwell,1950
1716,W. H. Auden ,Edith Sitwell,1950
1717,W. H. Auden ,Edith Sitwell,1952
1718,[N.auth] ,Edith Sitwell,1954
1719,Edith Sitwell ,Edith Sitwell,1950
1720,Edith Sitwell ,Edith Sitwell,1950
1721,Graham Greene ,Edith Sitwell,1952
1722,Margaret Mead ,Edith Sitwell,1954
1723,Stefan Zweig ,Edith Sitwell,1950
1724,F. R. Leavis ,Edith Sitwell,1953
1725,J. M. Cohen ,Edith Sitwell,1952
1726,Sydney Goodsir Smith ,Edith Sitwell,1952
1727,Bryher ,Edith Sitwell,1954
1728,Richard Eberhart ,Edith Sitwell,1951
1729,Edith Sitwell ,Edith Sitwell,1952
1730,Gerard Manley Hopkins ,Edith Sitwell,1954
1731,William Barnes ,Edith Sitwell,1950
1732,Percy Bysshe Shelley ,Edith Sitwell,1951
1733,Sacheverell Sitwell ,Edith Sitwell,1953
1734,Rainer Maria Rilke ,Edith Sitwell,1954
1735,Norman Ault ,Edith Sitwell,1950
1736,E. M. W. Tillyard ,Edith Sitwell,1950
1737,Sydney Goodsir Smith ,Edith Sitwell,1951
1738,Charles Tennyson ,Edith Sitwell,1954
1739,Sydney Goodsir Smith ,Edith Sitwell,1952
1740,Humphrey Searle ,Edith Sitwell,1952
1741,Isaac Levine ,Edith Sitwell,1950
1742,Peter Cheyney ,Edith Sitwell,1952
1743,Phyllis Gleadow ,Edith Sitwell,1950
1744,Beryl De Zoete ,Edith Sitwell,1953
1745,C. M. Bowra ,Edith Sitwell,1952
1746,Siegfried Sassoon ,Edith Sitwell,1954
1747,Peter Mark Roget ,Edith Sitwell,1953
1748,Jack Lindsay ,Edith Sitwell,1950
1749,Max Wykes-Joyce ,Edith Sitwell,1953
1750,Louis Adolphus Edmund Staunton ,Edith Sitwell,1952
1751,George Barker ,Edith Sitwell,1950
1752,John Ashbery ,Edith Sitwell,1953
1753,Jonathan Denwood ,Edith Sitwell,1950
1754,Rupert Gleadow ,Edith Sitwell,1953
1755,Richard Eberhart ,Edith Sitwell,1954
1756,Harold Norse ,Edith Sitwell,1953
1757,Cuthbert Butler ,Edith Sitwell,1951
1758,Joan Henry ,Edith Sitwell,1952
1759,Vivienne Koch ,Edith Sitwell,1950
1760,E. T. A. Hoffmann ,Edith Sitwell,1951
1761,Jack Lindsay ,Edith Sitwell,1950
1762,Joan Henry ,Edith Sitwell,1954
1763,Edna St Vincent Millay,Edna St. Vincent Millay,1950
1764,"Hughes, Langston",Langston Hughes,1952
1765,"Hughes, Langston",Langston Hughes,1952
1766,"Hughes, Langston",Langston Hughes,1954
1767,"Hughes, Langston",Langston Hughes,1951
1768,"Hughes, Langston",Langston Hughes,1953
1769,"Hughes, Langston",Langston Hughes,1950
1770,"Hughes, Langston",Langston Hughes,1954
1771,"Lowinger, Armand",Langston Hughes,1952
1772,[N.auth],Langston Hughes,1950
1773,[N.auth],Langston Hughes,1954
1774,[N.auth],Langston Hughes,1954
1775,[N.auth],Langston Hughes,1950
1776,[N.auth],Langston Hughes,1951
1777,"Kond_, Ichitar_",Langston Hughes,1954
